Country Name,Country Code,Indicator Name,2016,2017,2018,2019,2020,2021
Aruba,ABW,GDP (current US$),2983798883,3092178771,3202234637,3368970253,2610038938,3126019399
Africa Eastern and Southern,AFE,GDP (current US$),8.89859E+11,1.03048E+12,1.0167E+12,1.00905E+12,9.34179E+11,1.08945E+12
Afghanistan,AFG,GDP (current US$),18019558182,18896352022,18418848300,18904490263,20143442151,14786861638
Africa Western and Central,AFW,GDP (current US$),6.90545E+11,6.83748E+11,7.6636E+11,7.94719E+11,7.848E+11,8.40187E+11
Angola,AGO,GDP (current US$),49840491178,68972769396,77792944472,69309110146,53619073505,67404287260
Albania,ALB,GDP (current US$),11861199831,13019689337,15156432310,15401830754,15131866271,18255787479
Andorra,AND,GDP (current US$),2896679212,3000180750,3218316013,3155065488,2891022273,3330281524
Arab World,ARB,GDP (current US$),2.51649E+12,2.59809E+12,2.80043E+12,2.81836E+12,2.49118E+12,2.86299E+12
United Arab Emirates,ARE,GDP (current US$),3.69255E+11,3.90517E+11,4.27049E+11,4.1799E+11,3.49473E+11,4.15022E+11
Argentina,ARG,GDP (current US$),5.57531E+11,6.43629E+11,5.2482E+11,4.47755E+11,3.8554E+11,4.87227E+11
Armenia,ARM,GDP (current US$),10546135160,11527458566,12457941907,13619291361,12641697523,13861409969
American Samoa,ASM,GDP (current US$),671000000,612000000,639000000,647000000,716000000,709000000
Antigua and Barbuda,ATG,GDP (current US$),1436585185,1467977778,1605944444,1687533333,1370281481,1471125926
Australia,AUS,GDP (current US$),1.20654E+12,1.32652E+12,1.42829E+12,1.39223E+12,1.3269E+12,1.55267E+12
Austria,AUT,GDP (current US$),3.95837E+11,4.17261E+11,4.54991E+11,4.44621E+11,4.35225E+11,4.80368E+11
Azerbaijan,AZE,GDP (current US$),37867518957,40865558912,47112941176,48174235294,42693000000,54622176471
Burundi,BDI,GDP (current US$),2639321161,2712324134,2660123598,2576518846,2649671999,2779813489
Belgium,BEL,GDP (current US$),4.76063E+11,5.02765E+11,5.43299E+11,5.35831E+11,5.25212E+11,5.94104E+11
Benin,BEN,GDP (current US$),11821065852,12701655846,14262408080,14391686309,15651545209,17144918952
Burkina Faso,BFA,GDP (current US$),12833363370,14106956830,15890065020,16178162030,17933606353,19737615114
Bangladesh,BGD,GDP (current US$),2.65236E+11,2.93755E+11,3.21379E+11,3.51238E+11,3.73902E+11,4.16265E+11
Bulgaria,BGR,GDP (current US$),53953897624,59199447421,66363537115,68915875215,70240275010,84056312734
Bahrain,BHR,GDP (current US$),32234973404,35473776596,37802005319,38653318085,34723357447,38868663032
"Bahamas, The",BHS,GDP (current US$),11834600000,12357600000,12755800000,13192800000,9699500000,11208600000
Bosnia and Herzegovina,BIH,GDP (current US$),16913330977,18080118186,20183510863,20202479538,19950471171,23365361635
Belarus,BLR,GDP (current US$),47722657821,54726595249,60031262269,64409647194,61371126414,68205380707
Belize,BLZ,GDP (current US$),2258500000,2286000000,2315000000,2416500000,2080000000,2491500000
Bermuda,BMU,GDP (current US$),6899911000,7142316000,7225977000,7423465000,6887147000,7286607000
Bolivia,BOL,GDP (current US$),33941126200,37508642165,40287647930,40895322844,36629843805,40408208528
Brazil,BRA,GDP (current US$),1.7957E+12,2.06351E+12,1.91695E+12,1.87327E+12,1.44856E+12,1.60898E+12
Barbados,BRB,GDP (current US$),4832811750,4981588900,5097283200,5324250000,4671800000,4843800000
Brunei Darussalam,BRN,GDP (current US$),11400854268,12128104859,13567351175,13469422959,12005825759,14006569576
Bhutan,BTN,GDP (current US$),2158972129,2450364928,2446866405,2535657069,2325184481,2539552985
Botswana,BWA,GDP (current US$),15082579074,16105182316,17031901441,16695928793,14930072459,17614791266
Central African Republic,CAF,GDP (current US$),1825018191,2072349794,2220978978,2221301401,2326720921,2516498299
Canada,CAN,GDP (current US$),1.52799E+12,1.64927E+12,1.72533E+12,1.74202E+12,1.64542E+12,1.98834E+12
Central Europe and the Baltics,CEB,GDP (current US$),1.31647E+12,1.46146E+12,1.64947E+12,1.67508E+12,1.6649E+12,1.90194E+12
Switzerland,CHE,GDP (current US$),6.87895E+11,6.95201E+11,7.25569E+11,7.21369E+11,7.39914E+11,8.0064E+11
Channel Islands,CHI,GDP (current US$),,,,,,
Chile,CHL,GDP (current US$),2.49299E+11,2.76365E+11,2.95403E+11,2.78585E+11,2.52727E+11,3.17059E+11
China,CHN,GDP (current US$),1.12333E+13,1.23104E+13,1.38948E+13,1.42799E+13,1.46877E+13,1.77341E+13
Cote d'Ivoire,CIV,GDP (current US$),47964234560,51588158718,58011466451,58539424930,61348579465,70043191477
Cameroon,CMR,GDP (current US$),33814337900,36098550142,39973839065,39670977333,40773241531,45338283345
"Congo, Dem. Rep.",COD,GDP (current US$),37134799975,38019265626,47568210069,51775830726,48716960860,55350968593
"Congo, Rep.",COG,GDP (current US$),10219341277,11094822713,13670036996,12750339023,10483151176,13366230220
Colombia,COL,GDP (current US$),2.82825E+11,3.11884E+11,3.34198E+11,3.2311E+11,2.703E+11,3.14464E+11
Comoros,COM,GDP (current US$),1012835518,1077439663,1188797575,1195019559,1225039231,1296089633
Cabo Verde,CPV,GDP (current US$),1663008687,1769787215,1966501118,1981845741,1703698677,1936174043
Costa Rica,CRI,GDP (current US$),58847016045,60516043590,62420165100,64417670083,62158002233,64282438667
Caribbean small states,CSS,GDP (current US$),71061689480,73590179850,76350610223,77428424854,65896805290,75295300457
Cuba,CUB,GDP (current US$),91370000000,96851000000,1.0005E+11,1.03428E+11,1.07352E+11,
Curacao,CUW,GDP (current US$),3014748603,3009497207,3020388827,2995185475,2496174749,2699612458
Cayman Islands,CYM,GDP (current US$),4909498980,5166467299,5530377535,5943589104,5608989200,5898449688
Cyprus,CYP,GDP (current US$),21046951516,22946726164,25596474965,25944504646,25008448886,28407867534
Czechia,CZE,GDP (current US$),1.96272E+11,2.18629E+11,2.49001E+11,2.52548E+11,2.45975E+11,2.81778E+11
Germany,DEU,GDP (current US$),3.46985E+12,3.69085E+12,3.97444E+12,3.88823E+12,3.88967E+12,4.25993E+12
Djibouti,DJI,GDP (current US$),2604955229,2762581334,2913466732,3088853639,3181071154,3482987379
Dominica,DMA,GDP (current US$),576229629.6,521551851.9,554770370.4,611537037,504214814.8,554181481.5
Denmark,DNK,GDP (current US$),3.13116E+11,3.32121E+11,3.56841E+11,3.46499E+11,3.55222E+11,3.98303E+11
Dominican Republic,DOM,GDP (current US$),75704720190,79997975622,85555378043,88941299734,78844702329,94243453937
Algeria,DZA,GDP (current US$),1.60034E+11,1.70097E+11,1.74911E+11,1.71767E+11,1.45009E+11,1.63044E+11
East Asia & Pacific (excluding high income),EAP,GDP (current US$),1.36125E+13,1.48773E+13,1.66404E+13,1.72079E+13,1.74869E+13,2.07518E+13
Early-demographic dividend,EAR,GDP (current US$),1.04582E+13,1.12951E+13,1.14219E+13,1.1638E+13,1.08514E+13,1.26373E+13
East Asia & Pacific,EAS,GDP (current US$),2.2772E+13,2.43249E+13,2.64823E+13,2.70283E+13,2.71273E+13,3.09117E+13
Europe & Central Asia (excluding high income),ECA,GDP (current US$),2.77773E+12,3.11819E+12,3.18254E+12,3.24864E+12,2.98263E+12,3.51737E+12
Europe & Central Asia,ECS,GDP (current US$),2.04186E+13,2.16539E+13,2.31936E+13,2.291E+13,2.214E+13,2.50828E+13
Ecuador,ECU,GDP (current US$),99937696000,1.04296E+11,1.07562E+11,1.08108E+11,99291124000,1.06166E+11
"Egypt, Arab Rep.",EGY,GDP (current US$),3.32442E+11,2.35734E+11,2.49713E+11,3.03081E+11,3.65253E+11,4.04143E+11
Euro area,EMU,GDP (current US$),1.19737E+13,1.26797E+13,1.36982E+13,1.34182E+13,1.30855E+13,1.45633E+13
Eritrea,ERI,GDP (current US$),,,,,,
Spain,ESP,GDP (current US$),1.23355E+12,1.31325E+12,1.4217E+12,1.39432E+12,1.27696E+12,1.42738E+12
Estonia,EST,GDP (current US$),24072829277,26924385103,30624720196,31081901909,31370395573,37191166152
Ethiopia,ETH,GDP (current US$),74296618481,81770791971,84269348327,95912590628,1.07658E+11,1.11271E+11
European Union,EUU,GDP (current US$),1.3889E+13,1.47649E+13,1.59808E+13,1.56934E+13,1.53694E+13,1.71774E+13
Fragile and conflict affected situations,FCS,GDP (current US$),1.56286E+12,1.65405E+12,1.73993E+12,1.80439E+12,1.68089E+12,1.79902E+12
Finland,FIN,GDP (current US$),2.40771E+11,2.55648E+11,2.75708E+11,2.68515E+11,2.71892E+11,2.97302E+11
Fiji,FJI,GDP (current US$),4930204220,5353404419,5581371848,5481675173,4477040340,4296304590
France,FRA,GDP (current US$),2.47296E+12,2.59515E+12,2.79096E+12,2.72887E+12,2.63901E+12,2.95788E+12
Faroe Islands,FRO,GDP (current US$),2813286391,2980054219,3188610522,3275706960,3248696902,3649886275
"Micronesia, Fed. Sts.",FSM,GDP (current US$),332265200,366666800,401932300,412000000,408000000,404028900
Gabon,GAB,GDP (current US$),14023890620,14929488771,16867326390,16874405460,15314577168,20216843174
United Kingdom,GBR,GDP (current US$),2.69966E+12,2.6834E+12,2.87815E+12,2.85706E+12,2.70461E+12,3.13138E+12
Georgia,GEO,GDP (current US$),15141758567,16242916916,17596922470,17470436259,15842922533,18629365597
Ghana,GHA,GDP (current US$),56165172899,60406382899,67299280680,68337537816,70043199814,77594279055
Gibraltar,GIB,GDP (current US$),,,,,,
Guinea,GIN,GDP (current US$),8595955581,10324668267,11857030337,13442861444,14177835816,16091817842
"Gambia, The",GMB,GDP (current US$),1484579844,1504909753,1670670669,1813608280,1812169484,2038417462
Guinea-Bissau,GNB,GDP (current US$),1179004941,1350177128,1504630121,1439638443,1431758243,1638517533
Equatorial Guinea,GNQ,GDP (current US$),11240809132,12200912828,13097011143,11364133802,10099158075,12269392840
Greece,GRC,GDP (current US$),1.93148E+11,1.99844E+11,2.12049E+11,2.05257E+11,1.88926E+11,2.14874E+11
Grenada,GRD,GDP (current US$),1061640741,1125681481,1166511111,1213485185,1043414815,1122807407
Greenland,GRL,GDP (current US$),2707146783,2851610656,3055791341,2994332324,3076015347,
Guatemala,GTM,GDP (current US$),66053725049,71654134379,73328024537,77170421168,77625486978,85985752107
Guam,GUM,GDP (current US$),5901000000,6013000000,6056000000,6366000000,5886000000,6123000000
Guyana,GUY,GDP (current US$),4482697337,4748174334,4787636237,5173760192,5471256595,8044498801
High income,HIC,GDP (current US$),4.92797E+13,5.15381E+13,5.47992E+13,5.52729E+13,5.38746E+13,5.98297E+13
"Hong Kong SAR, China",HKG,GDP (current US$),3.20858E+11,3.41273E+11,3.61731E+11,3.63052E+11,3.44932E+11,3.69176E+11
Honduras,HND,GDP (current US$),21717622071,23136232230,24067778954,25089976947,23827840810,28488668302
Heavily indebted poor countries (HIPC),HPC,GDP (current US$),7.28313E+11,8.08419E+11,7.70673E+11,7.97572E+11,8.03236E+11,8.91901E+11
Croatia,HRV,GDP (current US$),52397494687,56323836170,62316840750,62327983580,57472012427,68955083280
Haiti,HTI,GDP (current US$),13987693739,15035560373,16455034353,14785839383,14508218017,20944392615
Hungary,HUN,GDP (current US$),1.2861E+11,1.43112E+11,1.60565E+11,1.63989E+11,1.57182E+11,1.81848E+11
IBRD only,IBD,GDP (current US$),2.60599E+13,2.87701E+13,3.06032E+13,3.12506E+13,3.0069E+13,3.55114E+13
IDA & IBRD total,IBT,GDP (current US$),2.81667E+13,3.0973E+13,3.28917E+13,3.36002E+13,3.24044E+13,3.80628E+13
IDA total,IDA,GDP (current US$),2.10553E+12,2.20201E+12,2.28768E+12,2.34878E+12,2.33505E+12,2.54911E+12
IDA blend,IDB,GDP (current US$),9.77135E+11,9.598E+11,1.04839E+12,1.04264E+12,1.00207E+12,1.09648E+12
Indonesia,IDN,GDP (current US$),9.31877E+11,1.01562E+12,1.04227E+12,1.1191E+12,1.05869E+12,1.18609E+12
IDA only,IDX,GDP (current US$),1.12934E+12,1.24405E+12,1.2405E+12,1.30846E+12,1.33638E+12,1.45625E+12
Isle of Man,IMN,GDP (current US$),6846691871,6979581725,7491969313,7315388052,,
India,IND,GDP (current US$),2.2948E+12,2.65147E+12,2.70293E+12,2.83155E+12,2.66769E+12,3.1763E+12
Not classified,INX,GDP (current US$),,,,,,
Ireland,IRL,GDP (current US$),2.99091E+11,3.36378E+11,3.85737E+11,3.99322E+11,4.25852E+11,5.04183E+11
"Iran, Islamic Rep.",IRN,GDP (current US$),4.57955E+11,4.8663E+11,3.31682E+11,2.83747E+11,2.39736E+11,3.59713E+11
Iraq,IRQ,GDP (current US$),1.66602E+11,1.87218E+11,2.27367E+11,2.33636E+11,1.8437E+11,2.07889E+11
Iceland,ISL,GDP (current US$),20793168031,24728285177,26264127687,24826102120,21694674810,25602419210
Israel,ISR,GDP (current US$),3.22103E+11,3.58245E+11,3.76692E+11,4.02471E+11,4.13268E+11,4.88527E+11
Italy,ITA,GDP (current US$),1.87707E+12,1.9618E+12,2.09193E+12,2.0113E+12,1.89676E+12,2.1077E+12
Jamaica,JAM,GDP (current US$),14077109397,14808989993,15730793853,15830768550,13812425037,14657586937
Jordan,JOR,GDP (current US$),39892551149,41608435922,43370860549,44993992365,44182298292,45744271659
Japan,JPN,GDP (current US$),5.00368E+12,4.93084E+12,5.03784E+12,5.12332E+12,5.04011E+12,4.94088E+12
Kazakhstan,KAZ,GDP (current US$),1.37278E+11,1.66806E+11,1.7934E+11,1.81667E+11,1.71082E+11,1.97112E+11
Kenya,KEN,GDP (current US$),74815121315,82035800868,92202956321,1.0038E+11,1.00667E+11,1.10347E+11
Kyrgyz Republic,KGZ,GDP (current US$),6813092066,7702934800,8271108638,8871026074,7780874537,8543423503
Cambodia,KHM,GDP (current US$),20016747754,22177200512,24571753583,27089389787,25872798012,26961061120
Kiribati,KIR,GDP (current US$),178509812.7,188192060.1,196230573.8,177935349.3,180911843.6,207031250
St. Kitts and Nevis,KNA,GDP (current US$),1008100000,1058937037,1076911111,1107840741,884525925.9,860840740.7
"Korea, Rep.",KOR,GDP (current US$),1.50011E+12,1.6239E+12,1.72485E+12,1.65142E+12,1.64431E+12,1.81096E+12
Kuwait,KWT,GDP (current US$),1.0942E+11,1.20707E+11,1.38182E+11,1.36197E+11,1.0596E+11,
Latin America & Caribbean (excluding high income),LAC,GDP (current US$),4.47002E+12,4.98562E+12,4.84146E+12,4.77398E+12,3.99765E+12,4.5851E+12
Lao PDR,LAO,GDP (current US$),15912495369,17071162084,18141651381,18740559554,18981800705,18827148510
Lebanon,LBN,GDP (current US$),51147308774,53027680686,54901519156,51953744530,31712128254,23131940281
Liberia,LBR,GDP (current US$),3398419600,3390703400,3422754800,3319596500,3039982500,3509000000
Libya,LBY,GDP (current US$),49910960875,67158415842,76684175824,69252306372,50357312595,42817472975
St. Lucia,LCA,GDP (current US$),1865459670,1996710563,2057067919,2094201725,1516015719,1691275157
Latin America & Caribbean,LCN,GDP (current US$),5.2496E+12,5.83186E+12,5.70298E+12,5.61871E+12,4.74237E+12,5.45443E+12
Least developed countries: UN classification,LDC,GDP (current US$),9.96515E+11,1.11413E+12,1.09854E+12,1.15304E+12,1.17658E+12,1.28091E+12
Low income,LIC,GDP (current US$),4.89979E+11,5.49268E+11,4.95876E+11,5.0413E+11,5.0874E+11,5.62978E+11
Liechtenstein,LIE,GDP (current US$),6237264055,6474256119,6692504346,6427248943,6113951012,
Sri Lanka,LKA,GDP (current US$),88012262257,94376246467,94493847352,89014990792,85349112171,88927263725
Lower middle income,LMC,GDP (current US$),6.89923E+12,7.41221E+12,7.59976E+12,7.90859E+12,7.61724E+12,8.74253E+12
Low & middle income,LMY,GDP (current US$),2.69255E+13,2.95909E+13,3.13699E+13,3.20798E+13,3.09484E+13,3.63706E+13
Lesotho,LSO,GDP (current US$),2114428033,2306741845,2553495916,2453980835,2231214507,2496134680
Late-demographic dividend,LTE,GDP (current US$),1.85935E+13,2.06293E+13,2.26208E+13,2.3047E+13,2.24934E+13,2.66221E+13
Lithuania,LTU,GDP (current US$),43047309306,47758736932,53751411409,54751510088,56846622904,66445256585
Luxembourg,LUX,GDP (current US$),62216885436,65712180343,71000359760,69825641851,73992591285,85506243834
Latvia,LVA,GDP (current US$),28083597512,30483806018,34429023435,34343961073,34601740323,39853501580
"Macao SAR, China",MAC,GDP (current US$),45070605746,50440941939,55284360483,55204758070,25459563655,30123914809
St. Martin (French part),MAF,GDP (current US$),,,,,,
Morocco,MAR,GDP (current US$),1.11573E+11,1.18541E+11,1.27341E+11,1.2892E+11,1.21348E+11,1.42866E+11
Monaco,MCO,GDP (current US$),6472990923,6431314957,7194024563,7383745662,6739691605,8596096984
Moldova,MDA,GDP (current US$),8071469355,9669741744,11457443185,11971345003,11859730544,13679221333
Madagascar,MDG,GDP (current US$),11848613735,13176313594,13760033097,14104664515,13051441059,14472603323
Maldives,MDV,GDP (current US$),4379136462,4754175869,5300962660,5609400722,3746321936,5405576236
Middle East & North Africa,MEA,GDP (current US$),3.19232E+12,3.31325E+12,3.47725E+12,3.47205E+12,3.1157E+12,3.67984E+12
Mexico,MEX,GDP (current US$),1.07849E+12,1.15891E+12,1.22241E+12,1.26901E+12,1.09052E+12,1.27284E+12
Marshall Islands,MHL,GDP (current US$),200716000,212701200,219330300,232092300,241722400,259538700
Middle income,MIC,GDP (current US$),2.64491E+13,2.90571E+13,3.09043E+13,3.15903E+13,3.04686E+13,3.58451E+13
North Macedonia,MKD,GDP (current US$),10672471861,11307058382,12683070061,12606338449,12363580535,13825049832
Mali,MLI,GDP (current US$),14026048691,15365711725,17070866299,17280251194,17465392916,19140461606
Malta,MLT,GDP (current US$),11668253265,13489380931,15298771847,15725847979,14933066819,17364044944
Myanmar,MMR,GDP (current US$),60291736894,61449392056,67144725831,68697759361,78930257227,65091751273
Middle East & North Africa (excluding high income),MNA,GDP (current US$),1.47584E+12,1.46428E+12,1.39081E+12,1.39357E+12,1.27409E+12,1.49375E+12
Montenegro,MNE,GDP (current US$),4377033429,4856632399,5506766651,5542053845,4769860741,5861268039
Mongolia,MNG,GDP (current US$),11181350461,11480847745,13178094459,14206359007,13312981595,15286441818
Northern Mariana Islands,MNP,GDP (current US$),1230000000,1560000000,1302000000,1182000000,,
Mozambique,MOZ,GDP (current US$),11936999283,13219084261,14845402474,15390039242,14028811072,15776758633
Mauritania,MRT,GDP (current US$),6398738829,6800141922,7473550557,8066126312,8405491202,9996249658
Mauritius,MUS,GDP (current US$),12594149441,13713509312,14735695931,14436353898,11401050655,11529042672
Malawi,MWI,GDP (current US$),5433040160,8943543677,9880675786,11025371147,12182348213,12626717492
Malaysia,MYS,GDP (current US$),3.01255E+11,3.19112E+11,3.58792E+11,3.65175E+11,3.37338E+11,3.72981E+11
North America,NAC,GDP (current US$),2.023E+13,2.11337E+13,2.22656E+13,2.31304E+13,2.27128E+13,2.53107E+13
Namibia,NAM,GDP (current US$),10721994676,12895153157,13682062251,12541928105,10581585630,12310595844
New Caledonia,NCL,GDP (current US$),8724570250,9173668102,9846922416,9438130987,9435529927,10071351960
Niger,NER,GDP (current US$),10398862245,11185102400,12808660528,12916455161,13744174690,14915001427
Nigeria,NGA,GDP (current US$),4.04649E+11,3.75746E+11,4.21739E+11,4.4812E+11,4.32199E+11,4.40834E+11
Nicaragua,NIC,GDP (current US$),13286083645,13785909906,13025239912,12596636042,12586970511,14013022092
Netherlands,NLD,GDP (current US$),7.8406E+11,8.3387E+11,9.14043E+11,9.10194E+11,9.09793E+11,1.01285E+12
Norway,NOR,GDP (current US$),3.68827E+11,3.98394E+11,4.37E+11,4.04941E+11,3.62198E+11,4.82175E+11
Nepal,NPL,GDP (current US$),24524098185,28971589213,33111525872,34186190996,33433670512,36288830373
Nauru,NRU,GDP (current US$),99723394.96,109359680.2,124021393.7,118724073.8,114626625.6,133218896.9
New Zealand,NZL,GDP (current US$),1.88838E+11,2.06624E+11,2.11953E+11,2.13435E+11,2.11735E+11,2.49886E+11
OECD members,OED,GDP (current US$),4.83254E+13,5.04439E+13,5.33658E+13,5.38786E+13,5.25171E+13,5.82684E+13
Oman,OMN,GDP (current US$),75128738622,80856697009,91505851756,88060858257,75909397659,88191977373
Other small states,OSS,GDP (current US$),3.66357E+11,3.98943E+11,4.42888E+11,4.33363E+11,3.78315E+11,4.53948E+11
Pakistan,PAK,GDP (current US$),3.1363E+11,3.39206E+11,3.56128E+11,3.20909E+11,3.00426E+11,3.48263E+11
Panama,PAN,GDP (current US$),57907700000,62202700000,64929400000,66984400000,53977000000,63605100000
Peru,PER,GDP (current US$),1.91896E+11,2.11007E+11,2.22597E+11,2.28323E+11,2.01705E+11,2.23249E+11
Philippines,PHL,GDP (current US$),3.18627E+11,3.28481E+11,3.46842E+11,3.76823E+11,3.61751E+11,3.94086E+11
Palau,PLW,GDP (current US$),298300000,285600000,284900000,278900000,251900000,217800000
Papua New Guinea,PNG,GDP (current US$),20759069103,22742613554,24109509853,24751344561,23848265896,26594305746
Poland,POL,GDP (current US$),4.70023E+11,5.24646E+11,5.88783E+11,5.96055E+11,5.99449E+11,6.79445E+11
Pre-demographic dividend,PRE,GDP (current US$),1.2208E+12,1.30138E+12,1.35609E+12,1.40112E+12,1.31635E+12,1.43426E+12
Puerto Rico,PRI,GDP (current US$),1.04337E+11,1.03446E+11,1.00958E+11,1.05126E+11,1.0302E+11,1.06526E+11
"Korea, Dem. People's Rep.",PRK,GDP (current US$),,,,,,
Portugal,PRT,GDP (current US$),2.06426E+11,2.21358E+11,2.42313E+11,2.39987E+11,2.29032E+11,2.53663E+11
Paraguay,PRY,GDP (current US$),36089700223,38997129474,40225448341,37925338329,35432178068,39495431574
West Bank and Gaza,PSE,GDP (current US$),15405400000,16128000000,16276600000,17133500000,15531700000,18036800000
Pacific island small states,PSS,GDP (current US$),9506189696,10256217497,10753159457,10736233419,9515995237,9481916212
Post-demographic dividend,PST,GDP (current US$),4.55905E+13,4.75323E+13,5.03801E+13,5.08793E+13,4.96978E+13,5.49727E+13
French Polynesia,PYF,GDP (current US$),5497037293,5833351478,6135117589,6001384760,5709421969,6054676735
Qatar,QAT,GDP (current US$),1.51732E+11,1.61099E+11,1.83335E+11,1.75838E+11,1.44411E+11,1.79677E+11
Romania,ROU,GDP (current US$),1.85287E+11,2.10147E+11,2.43317E+11,2.51019E+11,2.51362E+11,2.84088E+11
Russian Federation,RUS,GDP (current US$),1.27679E+12,1.5742E+12,1.65733E+12,1.69311E+12,1.48936E+12,1.77878E+12
Rwanda,RWA,GDP (current US$),8690878328,9252834120,9642440646,10356327149,10184345442,11070356519
South Asia,SAS,GDP (current US$),3.01076E+12,3.43388E+12,3.53421E+12,3.65395E+12,3.48701E+12,4.08877E+12
Saudi Arabia,SAU,GDP (current US$),6.44936E+11,6.88586E+11,8.16579E+11,8.03616E+11,7.03368E+11,8.33541E+11
Sudan,SDN,GDP (current US$),1.02944E+11,1.29718E+11,32333780383,32338079165,27034593750,34326058557
Senegal,SEN,GDP (current US$),19040312815,20996564752,23116897847,23398811424,24493157583,27625388352
Singapore,SGP,GDP (current US$),3.18832E+11,3.43193E+11,3.76998E+11,3.75473E+11,3.45296E+11,3.96987E+11
Solomon Islands,SLB,GDP (current US$),1379482147,1469787256,1615479409,1619154819,1536148246,1631486532
Sierra Leone,SLE,GDP (current US$),3674794530,3719369107,4085114794,4076578543,4063289450,4042237864
El Salvador,SLV,GDP (current US$),24191430000,24979190000,26020850000,26881140000,24563020000,28736940000
San Marino,SMR,GDP (current US$),1468377272,1528630707,1655300873,1616188702,1541204338,
Somalia,SOM,GDP (current US$),5534000000,5609000000,5856000006,6485000000,6883000000,7628000011
Serbia,SRB,GDP (current US$),40692643373,44179055280,50640650221,51514222382,53356480454,63082047650
Sub-Saharan Africa (excluding high income),SSA,GDP (current US$),1.57847E+12,1.71117E+12,1.78072E+12,1.80168E+12,1.71775E+12,1.9276E+12
South Sudan,SSD,GDP (current US$),,,,,,
Sub-Saharan Africa,SSF,GDP (current US$),1.57996E+12,1.71275E+12,1.78236E+12,1.80336E+12,1.71901E+12,1.92905E+12
Small states,SST,GDP (current US$),4.46925E+11,4.8279E+11,5.29991E+11,5.21528E+11,4.53728E+11,5.38706E+11
Sao Tome and Principe,STP,GDP (current US$),345495615,375614126.2,412253809.7,427425039.7,472551022.5,526653790.7
Suriname,SUR,GDP (current US$),3317437626,3591660724,3996204757,4016040575,2911807496,2984706244
Slovak Republic,SVK,GDP (current US$),89952699525,95649966261,1.06138E+11,1.0572E+11,1.06697E+11,1.16527E+11
Slovenia,SVN,GDP (current US$),44766722791,48589100043,54177882426,54331588482,53706800044,61748586535
Sweden,SWE,GDP (current US$),5.15655E+11,5.41019E+11,5.55455E+11,5.3388E+11,5.47054E+11,6.35664E+11
Eswatini,SWZ,GDP (current US$),3816022047,4402969226,4665237415,4495264161,3982226055,4743335153
Sint Maarten (Dutch part),SXM,GDP (current US$),1263687151,1191620112,1185474860,,,
Seychelles,SYC,GDP (current US$),1490228319,1573433081,1636312010,1684373490,1261198524,1454458184
Syrian Arab Republic,SYR,GDP (current US$),12598742887,16369724433,21351730539,22443299775,11079795397,
Turks and Caicos Islands,TCA,GDP (current US$),1032452000,1022365000,1113178000,1197415000,924583000,943269800
Chad,TCD,GDP (current US$),10097778354,10000395242,11239167048,11314951343,10715396135,11779980802
East Asia & Pacific (IDA & IBRD countries),TEA,GDP (current US$),1.35948E+13,1.48581E+13,1.6619E+13,1.71857E+13,1.74644E+13,2.07252E+13
Europe & Central Asia (IDA & IBRD countries),TEC,GDP (current US$),3.48544E+12,3.90931E+12,4.07695E+12,4.15804E+12,3.89172E+12,4.55039E+12
Togo,TGO,GDP (current US$),6031632168,6395472574,7112200725,7220395248,7574636979,8413200568
Thailand,THA,GDP (current US$),4.13366E+11,4.56357E+11,5.06755E+11,5.44081E+11,4.99682E+11,5.05947E+11
Tajikistan,TJK,GDP (current US$),6992393787,7536439875,7765014424,8300784857,8133996648,8746270636
Turkmenistan,TKM,GDP (current US$),36169428571,37926285714,40765428571,45231428571,,
Latin America & the Caribbean (IDA & IBRD countries),TLA,GDP (current US$),5.01517E+12,5.59236E+12,5.46129E+12,5.36742E+12,4.49446E+12,5.18313E+12
Timor-Leste,TLS,GDP (current US$),1650619370,1595724261,1563887944,2028551628,2158392540,3621222382
Middle East & North Africa (IDA & IBRD countries),TMN,GDP (current US$),1.46044E+12,1.44815E+12,1.37453E+12,1.37643E+12,1.25855E+12,1.47571E+12
Tonga,TON,GDP (current US$),420540178.6,460379145,488903272.9,512057749,484806718.3,469231309.5
South Asia (IDA & IBRD),TSA,GDP (current US$),3.01076E+12,3.43388E+12,3.53421E+12,3.65395E+12,3.48701E+12,4.08877E+12
Sub-Saharan Africa (IDA & IBRD countries),TSS,GDP (current US$),1.57996E+12,1.71275E+12,1.78236E+12,1.80336E+12,1.71901E+12,1.92905E+12
Trinidad and Tobago,TTO,GDP (current US$),23496215885,23797686966,24322359035,23849557812,21059428851,24460196271
Tunisia,TUN,GDP (current US$),44360754190,42163966273,42685972269,41906113686,42537832456,46686741814
Turkiye,TUR,GDP (current US$),8.69693E+11,8.58996E+11,7.78472E+11,7.59937E+11,7.20289E+11,8.19035E+11
Tuvalu,TUV,GDP (current US$),41629497.47,45217657.88,47818290.5,54223149.11,55054710.62,63100961.54
Tanzania,TZA,GDP (current US$),49774004999,53320647489,57003685912,61136873692,62409709111,67841049193
Uganda,UGA,GDP (current US$),29203988815,30744473912,32927025573,35353060634,37600368181,40529789026
Ukraine,UKR,GDP (current US$),93355993629,1.12091E+11,1.30891E+11,1.53883E+11,1.56618E+11,2.00086E+11
Upper middle income,UMC,GDP (current US$),1.95498E+13,2.16448E+13,2.33045E+13,2.36817E+13,2.28514E+13,2.71041E+13
Uruguay,URY,GDP (current US$),57236652490,64233966861,64515038268,61231149881,53560755047,59319484711
United States,USA,GDP (current US$),1.86951E+13,1.94773E+13,2.05331E+13,2.1381E+13,2.10605E+13,2.33151E+13
Uzbekistan,UZB,GDP (current US$),86138288615,62081323299,52633143808,59907674027,59894305353,69238903106
St. Vincent and the Grenadines,VCT,GDP (current US$),814302259.3,847620222.2,884328185.2,910149703.7,872134555.6,904181492.8
"Venezuela, RB",VEN,GDP (current US$),,,,,,
British Virgin Islands,VGB,GDP (current US$),,,,,,
Virgin Islands (U.S.),VIR,GDP (current US$),3798000000,3794000000,3922000000,4117000000,4204000000,
Vietnam,VNM,GDP (current US$),2.57096E+11,2.81354E+11,3.10106E+11,3.34365E+11,3.46616E+11,3.66138E+11
Vanuatu,VUT,GDP (current US$),780889605.9,880062103,914736985.4,936526267.6,896879875.2,956332655.7
World,WLD,GDP (current US$),7.64694E+13,8.14095E+13,8.6467E+13,8.76543E+13,8.51163E+13,9.65274E+13
Samoa,WSM,GDP (current US$),843929640,884847176.2,878435084.2,912944537.8,868904477.7,843842416.5
Kosovo,XKX,GDP (current US$),6682832632,7180813376,7878508503,7899879086,7716925356,9412034299
"Yemen, Rep.",YEM,GDP (current US$),31317828584,26842231205,21606161066,,,
South Africa,ZAF,GDP (current US$),3.23586E+11,3.81449E+11,4.0416E+11,3.88532E+11,3.3762E+11,4.19015E+11
Zambia,ZMB,GDP (current US$),20958412538,25873601261,26311590297,23308667781,18110631358,22147634727
Zimbabwe,ZWE,GDP (current US$),20548678070,17584890937,34156069918,21832234926,21509698406,28371238666