Country Name,Country Code,oecd_edu_population_to_primary,oecd_edu_population_to_tertiary,oecd_edu_population_to_secondary,oecd_gdp,oecd_gdp_per_cap,un_edu_primary_complete,un_edu_primary_enroll,un_edu_secondary_enroll,un_edu_tertiary_enroll,un_gdp_per_cap,un_urban_ratio,wb_edu_literacy_adult,wb_edu_literacy_youth,wb_edu_primary_complete,wb_edu_primary_enroll,wb_edu_secondary_enroll,wb_edu_tertiary_enroll,wb_gdp_per_cap,wb_gdp,wb_gdp_per_cap_ppp,wb_gdp_ppp,wb_urban_density,wb_urban_largest_city_ratio,wb_urban_big_city_ratio,wb_urban_population_ratio,ipums_edu_tertiary_attain,ipums_edu_adult_literacy,ipums_urbanisation,ipums_idv,wvs_idv,national_courage,national_courage_unweighted,global_terrorism_index,hofstede_idv,hofstede_mas,global_innovation_index
Argentina,ARG,33.458462,24.765341,41.776196,1092845.898,23856.680324,94.56793,99.02244,128.423,79.9867,10761.0816269643,,99.0038681,99.50552368,101.3452072,99.184,90.79605,99.1662674,487227000000.0,10636.1202,20769.0323781598,942431459963.083,16.58089261,36.11373386,42.75880325,92.229,0.0359035264023388,0.883610451306413,1.0,0.15095059391854,-0.213734191891897,0.6347678023426062,0.6362814399251987,1.024,46.0,56.0,28.33
Australia,AUS,15.46888,49.767868,34.763252,1595112.956,61974.774982,,97.35563,114.85434,86.55455,66915.8592008469,,,,,96.38096,92.28431,114.189888,1552670000000.0,60443.10916,53316.8854335814,1369884973053.42,3.335312311,22.81495852,61.91719513,86.362,,,,,0.623019000797312,0.6765732802548843,0.6514296188630491,2.148,90.0,61.0,48.35
Austria,AUT,14.060361,34.604504,51.335136,622665.496,68774.881689,99.49617,94.45453,99.47815,79.99864,53840.3932953502,,,,99.66526031,88.61718,87.00131,87.21138763,480368000000.0,53637.70571,55685.9702933361,496544223813.718,108.0570044,36.81121051,21.71677183,58.995,0.125144534376946,1.0,1.0,1.6903926700055902e-15,,0.6665645461906905,0.6276973392461197,1.016,55.0,79.0,50.13
Belgium,BEL,18.473303,44.873066,36.653629,773801.715,66176.491484,92.19031,98.78049,180.38173,73.3188,51165.510222267,,,,,98.76482,94.94691,80.88874817,594104000000.0,51247.01435,53070.2148197652,612655349801.141,381.0635403,18.42418633,27.11389644,98.117,,,,,,0.6243691128421787,0.6216288814066592,3.043,75.0,52.0,49.13
Brazil,BRA,41.5784,20.678915,37.742687,3213097.741,15173.607426,80.62466,90.35398,108.5702,46.44658,7507.16024556456,,94.30000305,99.40000153,,96.29925,81.72855,54.57279968,1608980000000.0,7507.160971,14834.1937022808,3153147446348.34,25.50762538,11.88259508,42.37016625,87.317,0.0560377188504159,0.807471695846722,0.764647587014625,0.0595972939672916,-0.267252429149533,0.6493596583095527,0.635466053957901,2.443,38.0,49.0,31.94
Canada,CAN,6.9325643,61.985279,31.082157,2221280.61,57058.469082,98.59447,99.45674,99.88171,58.88359,52112.0614958113,,,,,99.8825,99.80968,79.516922,1988340000000.0,51987.93905,46572.1374328364,1771473892248.83,4.242576785,20.02802515,45.98645959,81.653,0.213907574732317,1.0,0.808303148509334,1.16367688232796,0.591414412716574,0.6700391887842123,0.6494021838034577,3.171,80.0,52.0,52.26
Switzerland,CHE,12.57438,45.002983,42.422638,723517.334,82389.515916,68.68168,93.7743,106.09061,57.22953,93525.3661913239,,,,99.57124329,93.19583,85.32946,65.33409119,800640000000.0,91991.60046,71745.2993952823,619632654690.619,218.5990597,21.85612434,16.17265886,73.996,0.0623000274248103,1.0,1.0,1.5902331300387,,0.6630954241386714,0.6462882582081247,0.286,67.0,65.0,66.08
Chile,CHL,28.026119,31.439775,40.534103,552981.397,28100.985702,99.53105,93.03748,103.92402,86.6307,16265.0964340701,0.880899661613821,97.04000092,99.09999847,101.4751129,94.74067,88.65187,91.66934967,317059000000.0,16265.09598,25089.0312965357,479607165872.117,25.95761178,39.7912378,34.9434705,87.817,0.0333386658134698,0.810814269716845,0.866773316269397,0.527804615934027,-0.0280882395755981,0.5734073377425266,0.6675272873194221,4.031,23.0,28.0,33.86
China,CHN,63.374126,18.535316,18.090559,30090699.886,,81.10148,90.18812,100.38884,39.39039,,0.6472108169333145,97.15000153,99.80999756,,,,63.60195923,17734100000000.0,12556.33312,17189.281794248,24255795539863.4,149.7235526,3.148247331,29.76998435,62.512,0.0100932864352347,0.852270989447928,0.233093745220982,1.6903926700055902e-15,0.451240656821561,0.6696089607655757,0.660768875192604,3.587,20.0,66.0,53.28
Colombia,COL,39.789829,25.207756,35.002415,869840.596,17417.234054,83.49704,89.83309,106.8973,51.291,6104.13670930389,0.763206577148994,95.63632965,99.01181793,103.7517471,92.91999,77.47078,54.23928833,314464000000.0,6104.136709,14868.4698189141,756550625053.309,45.90415683,26.51980053,44.12065192,81.74,0.0373262739907346,0.755155526141628,0.580463269358041,-0.458407200913375,0.454169421731348,0.6667389217733661,0.6720379338175948,6.1,13.0,64.0,30.84
Costa Rica,CRI,57.373444,24.640232,17.986324,127686.494,,90.3673,96.13191,133.30969,53.03828,12472.443327393,0.724941235574222,98.04000092,99.52999878,104.6601639,97.33255,82.44799,57.67481995,64282438667.0,12472.44373,22243.8019575334,113312462965.098,100.334998,33.84954376,27.56198781,81.425,0.12604063573383,0.866769517377889,0.72506840542586,-0.060564568505126,,0.6428614648748991,0.6776923076923077,1.066,15.0,21.0,33.51
Czechia,CZE,5.5797949,26.537458,67.882744,534055.096,49956.512049,,,,,26808.5398580416,,,,100.5519028,89.3503,90.51857,68.06181335,281778000000.0,26821.24523,,,138.5759288,16.830068,12.49026725,74.214,,,,,-0.466309858719747,0.5769833993936753,0.6206836124401913,0.315,59.0,57.0,48.34
Germany,DEU,14.672102,31.143503,54.184395,5371318.279,64101.466443,96.48175,98.63278,101.25985,65.4738,51073.1178941387,,,,98.56955719,90.14286,85.29882,72.98919678,4259930000000.0,51203.55447,54844.5459733622,4560920212744.35,238.0173188,5.528745605,9.661285956,77.544,0.0392081736909323,1.0,1.0,1.6903926700055902e-15,1.08420633676734,0.6447846323196145,0.6211863620135666,3.965,67.0,66.0,56.55
Denmark,DNK,17.887573,41.881645,40.230782,441729.033,74793.266721,99.48016,98.06953,116.60542,81.51647,68036.7174499952,,,,98.53518677,98.53748,90.92146,82.8392868,398303000000.0,68007.75667,60229.9147703017,351224965911.196,145.7851,26.28895114,23.19736959,88.24,,,,,,0.6656515619220094,0.643233676975945,1.484,74.0,16.0,57.53
Spain,ESP,36.083153,40.703045,23.213802,2225886.52,46747.557086,96.33609,98.93822,126.8126,89.07212,30058.3872447137,,98.59445953,99.62142181,98.90447998,97.27171,96.87779,95.96486664,1427380000000.0,30103.51373,37756.3509997639,1788269872312.89,94.81538375,17.35178417,25.92675008,81.056,0.0879351265822785,1.0,1.0,1.6903926700055902e-15,,0.6834700980338604,0.6388493975903614,2.81,51.0,42.0,45.6
Estonia,EST,10.475689,41.226608,48.297703,63555.067,47721.323033,96.58193,97.25776,109.96161,72.92471,27990.6210290954,,99.87000275,99.98999786,97.8786087,93.68129,94.36474,74.231987,37191166152.0,27943.70122,37645.2213607112,50048531249.417,31.09992982,48.57522628,,69.415,,,,,,0.5725101764893475,0.6264207920792079,0.057,60.0,30.0,48.28
Finland,FIN,11.083303,42.33107,46.585629,332318.393,59808.219831,99.62933,99.43316,101.37216,88.67155,53703.4525200273,,,,99.03176117,98.62944,96.1047,95.04788971,297302000000.0,53654.7503,50937.1607539726,281659220687.004,18.19287688,27.76276232,23.76381448,85.596,0.143884892086331,1.0,1.0,1.6903926700055902e-15,,0.6764005944433567,0.6114045197740112,1.721,63.0,26.0,57.02
France,FRA,17.760235,40.703068,41.536697,3814783.882,55698.406803,97.95848,98.84784,107.65316,64.39047,44229.3937152728,,,,,98.92727,94.66595,69.34638214,2957880000000.0,43658.97898,46991.1820282957,3166261521877.82,123.4046994,20.1277495,22.86946001,81.242,0.213642213642214,1.0,0.82248575105718,1.56401882142053,,0.6650750784252704,0.6319972393847771,4.614,71.0,43.0,53.66
United Kingdom,GBR,18.294903,50.145672,31.559423,3740423.339,55175.810051,,,,,,,,,99.43340302,99.49182,97.13247,69.4837265,3131380000000.0,46510.28278,46526.9118652819,3121071774834.98,277.2744182,16.63639014,27.30680068,84.152,1.0,1.0,1.0,1.6903926700055902e-15,0.154669454235676,0.6666678776254742,0.647934850227157,5.161,89.0,66.0,59.78
Greece,GRC,21.812767,34.556225,43.631008,393631.536,37212.227345,90.68469,97.17147,103.61142,110.16268,20571.2179357684,,97.93595123,99.16000366,100.6033173,98.22037,93.34588,150.8760681,214874000000.0,20192.5963,27948.6497284227,299066091543.372,82.99921645,37.02298457,29.63245477,80.038,0.114703139571029,0.852541187441716,1.0,1.6903926700055902e-15,-0.799231078900441,0.6715771661655523,0.6637727529677784,4.182,35.0,57.0,36.79
Hungary,HUN,13.719394,29.29541,56.985195,413146.473,42665.113312,98.26017,90.76962,100.85752,53.19281,18728.3244176432,,99.09999847,98.69999695,94.42460632,90.83399,89.27911,55.15554047,181848000000.0,18728.12189,33274.3476562091,324429847525.84,106.8392395,25.25855282,18.24804213,72.245,0.149220206814714,1.0,1.0,1.6903926700055902e-15,,0.5746174157921824,0.6284195561719834,0.551,80.0,88.0,41.53
Indonesia,IDN,57.04705,13.170677,29.782272,3969883.308,,81.94135,89.71853,90.67667,31.1021,4332.70928089405,0.675839204347256,95.99900818,99.7795105,102.3348389,93.4963,78.73112,36.31103897,1186090000000.0,4332.709281,12072.4399629246,3302097492964.25,144.7963882,6.959855306,13.89114438,57.29,0.0301845480137629,0.821786049421332,0.492258367219268,-0.564483034778404,0.61212106252389,0.6467432230125563,0.6529556904400607,4.629,14.0,43.0,26.49
India,IND,77.645477,12.94724,9.4072857,9657283.711,7201.553849,61.37311,92.25846,85.20203,23.89011,2274.47654160975,0.3453366911137069,74.37299347,91.66403961,97.3657074,,,31.30364037,3176300000000.0,2256.590409,6525.42805209485,9005119325892.9,469.6595667,6.259070044,16.00542642,35.393,,,,,,0.7166966513833923,0.7148149512060393,7.353,48.0,56.0,35.59
Ireland,IRL,12.765348,53.708744,33.525906,656439.507,128343.445998,,94.9173,114.76326,73.16848,101108.989159094,,,,98.9764328,95.78041,98.6613,74.68031311,504183000000.0,100172.0793,93350.0875336544,465413104314.265,72.36728117,38.60838549,24.67538815,63.912,0.205309410472354,1.0,0.620468692786525,1.4014883718732,,0.6760813435491904,0.6582657697397442,2.845,70.0,68.0,53.05
Iceland,ISL,21.429537,43.06255,35.507912,25335.76,66637.981044,97.91737,98.60999,97.30824,82.22758,69133.1340822158,,,,99.37201691,99.83367,91.2734,84.27375031,25602419210.0,68727.63666,53616.6847084842,19648531128.3253,3.634463949,,,93.944,,,,,,0.6675415743650552,0.6577520325203251,0.0,,,49.23
Israel,ISR,12.055555,49.688583,38.255859,412651.502,44052.106772,99.23824,96.72031,103.31296,66.18104,54111.0210446624,0.9160515270723096,,,107.2998886,97.01884,98.63822,61.07302856,488527000000.0,52170.71186,39489.2807769984,363897671288.118,425.836414,49.13284673,57.86790901,92.674,0.15834756117974,1.0,1.0,1.6903926700055902e-15,,0.669147066931478,0.6548909355307804,4.522,54.0,47.0,53.55
Italy,ITA,37.293571,19.983055,42.72337,3092145.9,52461.180226,98.94044,97.64187,108.8268,63.45507,35578.8510673149,,99.34909821,99.8742218,97.55294037,95.65574,94.66346,69.46527863,2107700000000.0,35657.49756,41987.8159630472,2496155798766.2,200.9991005,10.14490905,19.28778047,71.346,0.092958694372003,1.0,1.0,1.24444090551664,,0.6498957573799071,0.6256738735764978,3.043,76.0,70.0,45.74
Japan,JPN,,55.555557,,5383426.681,42895.146536,99.83826,99.95,101.35803,62.41163,39649.9275053265,,,,,,,64.61711884,4940880000000.0,39312.66037,42100.257690921,5315620636313.38,346.3950617,32.340061,64.88238178,91.867,,,,,-0.209720125574885,0.5119742776313234,0.6278295048494129,2.014,46.0,95.0,52.7
South Korea,KOR,9.6675959,51.707623,38.624783,2425556.12,46875.178673,,,,,,,98.80000305,100.0,99.72099304,97.25516,98.00711,102.4673615,1810960000000.0,34997.78164,,,531.1090061,23.66069605,50.4560954,81.414,,,,,0.100363359638865,0.6756415021971234,0.6315381703470031,0.656,18.0,39.0,56.11
Lithuania,LTU,6.7329736,45.343121,47.923908,139748.025,49328.635767,97.20947,97.87817,104.42788,68.53141,23844.1256495224,,99.83000183,99.94999695,103.6344833,98.17529,98.42562,70.78690338,66445256585.0,23723.34025,38880.5452693822,108666652765.217,44.63246567,28.24824945,,68.249,,,,,,0.6020339813215262,0.6278298122065727,0.229,60.0,19.0,39.18
Latvia,LVA,10.605479,39.00124,50.393284,76741.786,40685.382515,93.5173,96.36553,115.32151,67.03973,21267.46224347,0.6815008057687869,99.88999939,99.81999969,98.32875824,96.30354,93.79965,94.51083374,39853501580.0,21148.16294,31424.9022103534,59721423980.7638,30.53911297,48.68693418,,68.421,,,,,,0.5303953869442923,0.6219498207885304,0.115,70.0,9.0,41.11
Mexico,MEX,57.190308,20.45546,22.354233,2480684.356,19438.782132,95.71265,95.0583,115.50843,29.9409,10045.676371041,,95.24784851,99.08241272,102.6626282,95.30064,81.15596,44.80858994,1272840000000.0,10045.6805,18670.8104030112,2407278986001.28,64.81560843,21.35277992,42.11226699,81.016,0.0459439871615675,0.786431640523891,0.552078480095253,-0.640486159941833,0.681721645284336,0.682701174384647,0.687314993700126,4.316,30.0,69.0,33.6
Netherlands,NLD,19.437679,43.059402,37.502918,1256312.118,70966.057612,98.21536,99.5865,139.10524,78.50107,57871.3492096268,,,,,98.64765,93.16439,92.01217651,1012850000000.0,57767.87881,59266.9085805339,1033703786007.38,518.013068,7.131668902,12.37392663,92.572,1.0,1.0,1.0,1.6903926700055902e-15,-0.323629986442129,0.6647169870459624,0.6349463374485597,2.689,80.0,14.0,58.76
Norway,NOR,17.57239,47.220146,35.207466,518561.227,95026.796239,99.57491,99.88796,99.36978,76.78316,89241.7139378055,,,,99.2576828,99.88251,95.60786,84.44367218,482175000000.0,89154.27609,62644.8457362642,336996381517.09,14.76721523,23.43746879,19.52880007,83.323,,,,,,0.632499006674367,0.636295716395864,1.297,69.0,8.0,49.29
New Zealand,NZL,19.431931,40.490189,40.077881,242673.983,47341.78373,,98.42879,102.99765,80.88294,48823.5077795339,0.8385195018154843,,,,99.11677,96.86035,79.90783691,249886000000.0,48781.02663,44657.7737248265,227316999814.112,19.33158634,36.6654498,31.82157498,86.789,,,,,-0.0326712152150004,0.6619884255840005,0.6465238917674151,4.337,79.0,58.0,47.01
Poland,POL,6.7923322,33.234364,59.973305,1643788.812,43455.436916,98.53229,96.94361,100.21169,71.15869,17736.4195570017,,99.80000305,99.90000153,95.02263641,95.78475,94.08406,70.47712708,679445000000.0,17999.90995,34286.9850845384,1299444847807.88,123.8005749,7.891929054,4.741076433,60.075,0.118949861823924,1.0,1.0,1.6903926700055902e-15,,0.5683379199591385,0.6121719207019825,0.239,60.0,64.0,39.95
Portugal,PRT,40.549065,31.08424,28.366695,435020.402,42341.460754,,98.60871,116.97225,65.60738,24651.1764348733,,96.77999878,99.70999908,105.4502487,97.56411,94.66479,70.38208771,253663000000.0,24567.50927,34177.085710564,351924219905.62,112.406676,43.05238952,41.529985,66.849,0.117422194764074,0.89327361186192,0.630936751872731,0.998350727217995,,0.6281625114686729,0.6556017250126839,0.0,27.0,31.0,43.51
Russia,RUS,4.8022981,56.725521,38.472183,4367291.715,29819.046969,96.44676,95.21313,98.68286,78.65337,12258.7720197789,,99.69999695,99.69999695,105.225853,95.09612,90.67886,86.40014648,1778780000000.0,12194.77734,,,8.797354989,11.71549349,23.68134966,74.934,0.195746004588405,0.866508535210172,0.73779989889956,0.991179675963603,-0.877969756250079,0.6214155791932454,0.6253861402914266,4.542,39.0,36.0,35.63
Slovakia,SVK,6.8340263,27.911043,65.254929,201893.756,36704.186829,,,,,,,,,98.34087372,83.09318,84.75751,47.62358856,116527000000.0,21391.92533,31356.458282425,171169481096.475,113.5363353,14.91007972,,53.82,,,,1.6903926700055902e-15,-0.585289896425781,0.5459655722211738,0.6244822134387352,0.029,52.0,110.0,39.7
Slovenia,SVN,8.69,40.3,51.01,106933.333,50713.217901,99.04773,97.73995,99.73447,82.92643,29134.8000315499,0.5534479513053011,,,103.8800888,98.26288,95.68577,79.9208374,61748586535.0,29291.40062,39725.259194249,83519139709.9138,104.4088814,,,55.427,,,,0.721067442255966,,0.6539891095162619,0.6625497382198953,0.0,27.0,19.0,42.91
Sweden,SWE,15.142161,46.648315,38.209526,683843.355,65209.039958,99.55624,99.47047,114.27631,62.35348,60729.7134250084,,,,104.6535873,99.18177,99.06336,84.51622009,635664000000.0,61028.73806,55064.8850101551,570111093189.311,25.42072337,18.02442098,15.90438805,88.238,,,,,,0.5982096157218421,0.6316062355658199,2.892,71.0,5.0,62.47
Turkey,TUR,55.102688,24.452457,20.444857,2581588.441,30679.506593,,,,,,,96.74221039,99.90715027,93.57749176,87.90006,87.22819,117.1131516,819035000000.0,9661.235975,,,109.3193197,23.74795605,37.57227863,76.569,0.0482868568958063,0.774238002594034,1.0,0.0034202544358462,-0.698953155360493,0.6003138117398669,0.6330255872483221,6.11,37.0,45.0,34.9
United States,USA,8.2938099,50.316986,41.389202,23315081.0,70181.12175,,,,,69184.7044001711,,,,100.9236679,94.62633,92.45022,87.56765747,23315100000000.0,70248.629,63027.6795267153,20893743833000.0,36.23984468,6.843319129,46.75182866,82.873,0.22761390256729,1.0,1.0,1.55331980693375,0.908109549093643,0.6853421291003081,0.6694938448207928,5.26,98.0,62.0,60.56
South Africa,ZAF,52.348087,15.839705,31.812206,711486.517,12253.323477,76.98593,83.32679,94.91587,19.66282,7055.05517622779,,95.02297211,98.40953064,91.99948883,87.01258,71.92661,24.23629951,419015000000.0,7055.044776,13359.4843319287,792333514802.214,48.47284785,14.70788205,36.54460333,67.847,0.0284592448262628,1.0,0.578248162253122,-0.0144424810510952,,0.7070583500937385,0.6925076601671308,4.258,65.0,63.0,32.67
Bangladesh,BGD,,,,,,66.20096,89.96452,76.12434,13.4408,2449.90651676298,,74.9088974,94.46177673,121.9175262,,66.54968,25.10159492,416265000000.0,2457.92488,5995.40742859276,987379950248.558,1286.171553,32.96227816,15.86823093,38.946,0.0233292886741913,0.436891870235124,0.235147324801392,-1.23250284499936,0.602328633441914,0.6685376825114806,0.7023282051282052,4.909,20.0,55.0,20.39
Belarus,BLR,,,,,,98.32384,93.74106,104.49307,88.85703,7121.00468882456,0.7747567400351474,99.87400055,99.87283325,93.63146973,94.92861,95.63948,82.23885345,68205380707.0,7302.257794,20237.5511291865,189827258189.315,46.21121293,27.31597454,21.8281955,79.91,0.159837077264873,1.0,0.744219534271373,1.18228009817362,,0.5747927300955868,0.6130284810126583,0.0,,,31.27
Bosnia and Herzegovina,BIH,,,,,,86.51722,97.52653,91.50272,47.57777,7143.28396260018,,98.09999847,99.72000122,85.42336273,,,39.23395157,23365361635.0,7143.310548,15598.4303394866,51175564234.2429,64.81263672,21.25741651,,49.425,,,,,,0.4376282539321746,0.6655592105263158,0.677,,,28.99
Brunei Darussalam,BRN,,,,,,96.36919,98.80453,107.82018,31.72534,31448.9136081385,0.7488160745441648,97.58999634,99.76999664,104.9582825,93.14673,82.64549,31.99329948,14006569576.0,31449.07656,,,83.81878558,,,78.554,,,,,,0.6215594219729371,0.6686594724220624,,,,29.82
Bulgaria,BGR,,,,,,97.84393,94.92968,93.14579,70.78563,12207.2577149813,0.7332399050189536,98.41999817,98.05999756,87.87634277,86.4454,89.05757,75.40579987,84056312734.0,12221.49661,24564.4376812432,170330179348.305,63.87265107,24.56223259,18.67343691,76.025,,,,,,0.5623506454613527,0.6771875843454791,0.172,30.0,40.0,39.98
Croatia,HRV,,,,,,99.43954,88.69765,102.42473,69.54415,16983.4473172554,,99.44999695,99.76000214,95.74845123,88.0407,92.39267,68.09648132,68955083280.0,17685.32528,28780.316739861,116493512461.601,72.33166548,30.3334614,,57.878,,,,,,0.6260767187474541,0.6606289134438306,0.0,33.0,40.0,37.27
Ecuador,ECU,,,,,,88.90804,94.66526,116.1984,40.48086,5965.13287054416,0.5740599509325004,94.48358917,99.00505066,100.6137466,90.94167,84.67039,52.58781052,106166000000.0,5965.132871,10890.4566364911,192140979865.012,70.81895233,26.56476297,27.77607063,64.361,0.0529457014774928,0.8285630918592,0.628663890288867,-0.400852563046439,0.406856173918815,0.6264007428652836,0.6794910714285715,2.606,8.0,63.0,24.11
Kenya,KEN,,,,,,77.63126,84.87439,97.33108,4.04682,2081.79896988923,0.3119481679697548,82.62000275,88.69999695,99.67874146,,,10.0383997,110347000000.0,2081.799855,4587.1863196792,246658971751.366,91.34093545,32.59106039,11.81592765,28.493,0.0085943737378481,1.0,0.307612830507679,-1.05830677100122,-0.305552965264783,0.673487706023129,0.6687935483870967,5.644,27.0,41.0,26.13
Kuwait,KWT,,,,,,95.69849,92.87294,98.60423,27.02705,32150.1788243815,,96.45754242,99.30332184,79.35357666,82.63321,86.52941,61.13386917,105960000000.0,24300.32944,47303.1298528111,202010996133.611,244.6938272,74.75834766,74.75834766,100.0,,,,,,0.5639056934619877,0.7043877005347593,1.795,,,28.4
Lebanon,LBN,,,,,,93.28772,86.5873,79.11543,42.77283,6784.79932772586,,95.30000305,99.79000092,,,,,23131940281.0,4136.146347,11376.7939846074,77651647487.8869,553.5604106,48.86179885,43.53244475,89.093,,,,,-0.800435849158243,0.601971242201717,0.6972825651302605,3.661,,,26.02
Malaysia,MYS,,,,,,94.22624,94.59888,90.92951,29.69786,11100.9437246863,0.7726207316929393,94.97113037,96.77839661,104.6396713,99.64564,72.21113,42.56721497,372981000000.0,11109.26184,27921.4109533867,903704331074.494,101.0500472,31.47621498,24.45575986,77.696,0.0572122282308796,0.669484604348306,0.657587462752456,-1.35438816817454,0.45790273162981,0.6838348151244102,0.6632893975903614,2.09,26.0,50.0,42.42
Malta,MLT,,,,,,96.87554,96.55773,90.30803,45.08241,33641.5956848401,,94.94000244,99.44999695,109.0223694,99.53764,92.96077,71.49815369,17364044944.0,33486.67198,43243.1726484364,22284590647.264,1610.4125,,,94.81,,,,,,0.6239765657783187,0.6514071038251366,,59.0,47.0,46.39
Morocco,MAR,,,,,,89.25434,98.42964,94.80046,24.57194,3853.28333173025,0.6385806545384929,75.93000031,98.36000061,104.0223694,99.09904,64.4924,43.44620895,142866000000.0,3795.380127,7368.8916015625,276391560113.67,82.20652476,15.97089544,22.0739888,64.065,0.0222420315693351,0.547723616123842,0.600817497934513,-1.52151059896052,-0.29555692000216,0.6381362306427408,0.6894772036474164,0.565,46.0,53.0,28.97
Pakistan,PAK,,,,,,79.58989,72.9792,55.85644,10.35523,1480.11072689193,0.3643545430271762,57.99885941,72.70355988,72.92545319,67.5748,37.40039,12.22064018,348263000000.0,1505.010193,5426.01978790109,1198566159001.6,294.7238753,18.998212,19.95654906,37.44,0.0186419715845676,0.355313565201653,0.333504268347863,-4.16246167015469,-0.307489579515363,0.6821432085173383,0.7065988960441583,7.541,14.0,50.0,22.31
Panama,PAN,,,,,,93.23974,95.89735,93.59704,38.73935,14617.596617491,0.7166339735005621,95.73607635,98.88173676,86.94606781,86.23979,63.79138,44.38285065,63605100000.0,14617.60448,26780.3006033508,115550784073.719,57.89156107,63.45957206,43.64432245,68.775,0.09235037653587,0.755591416114603,0.648859068002944,-0.106869876496887,,0.5169561078994612,0.665216393442623,0.019,11.0,44.0,29.04
Peru,PER,,,,,,90.50577,92.81158,100.32442,40.51279,6621.65260383678,0.8202828914403454,94.49793243,99.43636322,116.2062225,95.65167,89.30975,70.73786163,223249000000.0,6621.574336,11908.0607001648,392630743564.487,26.01934063,41.11876288,32.27822918,78.5,0.0649106583539659,0.826566834710497,0.755869104793724,-0.527692577247672,0.722869988527312,0.6712839881301151,0.6817048458149779,2.141,16.0,42.0,28.79
Philippines,PHL,,,,,,75.77984,95.9844,92.06591,35.75333,3460.53112301115,,96.27816772,98.38450623,94.82428741,93.7756,65.55881,35.52219009,394086000000.0,3460.530963,8394.24225784877,919850174367.918,376.2651407,26.07342553,14.07176664,47.684,0.0929111572988989,0.830915844867996,1.0,-1.46680884899593,0.0638908757877692,0.6953843966647507,0.6932065645514224,7.099,32.0,64.0,35.19
Qatar,QAT,,,,,,97.73958,92.09112,101.51929,15.83137,66798.76705368,,93.46396637,94.64411163,94.9597168,94.09431,,25.04125023,179677000000.0,66838.35743,89961.4332328736,259184286829.903,240.2423847,28.44599086,,99.278,,,,,,0.7082509012554835,0.6816083550913837,0.014,,,30.81
Romania,ROU,,,,,,94.04994,86.987,94.48082,53.21586,14697.7542889102,,98.90000153,99.5,85.29187012,82.22835,82.84805,53.23083878,284088000000.0,14858.22943,32202.2086556273,620134677229.915,83.73283206,17.27291281,9.384201156,54.329,0.124676202275031,0.881480647220032,0.539437624357097,0.91050763480536,0.168981973247793,0.5835445568793296,0.6643385714285714,0.0,30.0,42.0,35.95
Samoa,WSM,,,,,,89.95051,96.05325,102.30564,7.56238,3918.65810408444,,99.09999847,99.09999847,114.1693497,94.41308,85.51776,18.53573036,843842416.5,3857.318464,6764.5599909255,1342156347.79953,77.31258993,,,17.742,,,,,,0.6385269972789749,0.640877263581489,,,,
Saudi Arabia,SAU,,,,,,98.68772,96.41565,108.14994,61.11202,23185.8707917802,,97.58506775,99.49841309,104.875267,94.5456,96.36052,71.40963745,833541000000.0,23185.87079,46778.2983720365,1628533458010.4,16.7452549,24.31725909,47.17531067,84.508,,,,,,0.6154331488616996,0.6667387862796833,5.0,38.0,52.0,30.94
Serbia,SRB,,,,,,98.30033,96.24177,99.1817,58.05497,8643.29239749049,,99.48252869,99.99944305,98.06678772,94.55098,92.06535,69.18002319,63082047650.0,9230.178316,19093.9553065153,131731603498.018,78.88321518,36.20582512,20.51096187,56.651,,,,,-0.573692108156188,0.5116317603761199,0.671549356223176,0.057,25.0,43.0,34.33
Singapore,SGP,,,,,,98.67684,,,,66821.7161136585,,97.1318512,99.72624969,101.4013977,99.66959,99.78462,93.13477325,396987000000.0,72794.00302,99681.2941505156,566768600050.061,7918.951253,100.0,100.0,100.0,,,,,0.0984148575680955,0.6654147482730095,0.6572514934729701,0.0,20.0,48.0,56.61
Sri Lanka,LKA,,,,,,98.20196,97.17662,99.68429,20.70601,3918.01916760614,0.1457381172211728,92.38230133,98.85923004,98.24330902,99.10711,91.03783,21.61236954,88927263725.0,4013.687657,13226.7300579257,289916696139.673,354.3323634,14.81351986,,18.86,,,,,,0.554480330902695,0.7227892898719441,6.065,,,23.78
Thailand,THA,,,,,,93.47052,92.35607,127.69083,52.50537,7066.67548675631,0.5974237615189485,94.09999847,98.80000305,94.78276825,,77.27069,43.82606506,505947000000.0,7066.190546,18197.9424146923,1270215980190.79,139.9042142,28.7095605,20.45621979,52.163,0.0353439502709244,0.841626096762659,0.308716340732184,-0.309637583427333,-0.148664737719789,0.6319599980022151,0.6418922413793103,5.783,20.0,34.0,36.68
Trinidad and Tobago,TTO,,,,,,89.38737,95.23794,97.53246,11.95117,16032.5027682099,,,,,,,,24460196271.0,16032.50277,26125.1532914982,36561916905.0721,295.9350877,66.97951378,,53.265,0.0370898194840313,1.0,1.0,0.164272154463124,,0.6748155861438458,0.660883495145631,0.162,16.0,58.0,24.14
Ukraine,UKR,,,,,,98.52954,96.17551,102.30148,82.30503,4596.34917496562,,100.0,99.90000153,,,,,200086000000.0,4835.571777,13087.3095703125,546334786278.487,76.16853469,9.822400267,12.41092639,69.757,0.123979532049529,0.942111636264208,0.189250419905472,1.6903926700055902e-15,-0.84383772706639,0.6276982920214778,0.6269296636085627,4.692,,,36.32
United Arab Emirates,ARE,,,,,,91.95901,90.73824,95.16721,22.03907,43295.3930816513,,98.12635803,99.66266632,104.7111969,95.02753,92.79992,53.71601868,415022000000.0,44315.55418,66766.0539321336,660342979810.375,130.7700507,35.73252273,65.88198047,87.299,,,,,,0.7058291806221639,0.692501756440281,0.0,38.0,53.0,41.79
Uruguay,URY,,,,,,94.74364,99.20272,110.02917,63.13378,17312.6417779094,0.9549774918501448,98.7703476,99.02065277,102.6509476,99.3775,88.21273,67.88320923,59319484711.0,17313.18835,22728.2153251936,78951615236.9388,19.592538,53.72762972,51.36522039,95.603,0.0423607635661686,0.820619146350182,1.0,0.807400646837813,0.782476119173137,0.4863453697810709,0.6164463276836158,0.086,36.0,38.0,30.84
Puerto Rico,PRI,,,,,,,81.60752,87.87756,85.33584,32716.4569837852,,92.40000153,92.40000153,,76.27147,75.91911,97.49925232,106526000000.0,32640.71034,34333.7472481387,112667496277.163,369.9591883,80.06216496,74.93179278,93.592,0.162040970452185,1.0,1.0,1.06940079738482,0.923906330191062,0.6185922258822125,0.6775794223826715,,,,
Egypt,EGY,,,,,,,,,,,,73.08999634,91.51000214,104.6092987,97.03257,82.77635,38.90494919,404143000000.0,3698.834981,,,107.9563353,45.53034354,24.44015989,42.862,0.0748703800599344,0.555510631213433,0.431717642581934,-1.02355148486934,-1.06327653661526,0.6646721939545249,0.7005871766029247,6.419,,,24.23
Hong Kong,HKG,,,,,,,,,,,,,,100.7453003,95.45476,96.14117,88.44268799,369176000000.0,49800.54241,58980.0110511236,441229462673.456,7124.761905,100.0,100.0,100.0,,,,,0.0269160919901455,0.6435257867269142,0.6455937038858829,,25.0,57.0,54.24
Iran,IRN,,,,,,,,,,,,88.73999786,98.72000122,101.0606766,99.70291,81.37533,58.2224884,359713000000.0,4091.209187,,,53.79981079,13.79365235,25.2004858,76.345,0.0914514641457228,0.762479824763661,0.715615632925986,-0.171049068149989,-0.013350568662175,0.6523021421031224,0.674643093922652,4.157,41.0,43.0,30.89
Venezuela,VEN,,,,,,,,,,,,97.5,98.69999695,92.58873749,87.39174,73.24477,,,,,,32.30026983,11.82717694,34.11576019,88.325,0.0012300466858628,0.81085236644209,0.883844455005451,-1.02939435275497,0.0935783684284072,0.6707088259302072,0.6497150997150998,3.658,12.0,73.0,
Vietnam,VNM,,,,,,,,,,,,95.7538681,98.62545776,110.0212097,,,35.39999008,366138000000.0,3756.489121,10904.4521455449,1061423920238.65,308.3591021,23.82823759,18.37896301,38.052,0.0378092057196535,0.823400480116898,0.254827262289949,1.6903926700055902e-15,1.02552780512854,0.6591022198517118,0.639305901911887,0.42,20.0,40.0,37.12
Taiwan,TWN,,,,,,,,,,,,,,,,,,,,,,,,,,,,,,0.445271151946508,0.6059507127344391,0.657022906793049,0.607,17.0,45.0,
