"","CountryNames","CourageAvgUnsampled","CourageVarUnsampled","CourageAvgSampled01","CourageVarSampled01","CourageAvgSampled02","CourageVarSampled02","CourageAvgSampled03","CourageVarSampled03","CourageAvgSampled04","CourageVarSampled04","CourageAvgSampled05","CourageVarSampled05","CourageAvgSampled06","CourageVarSampled06","CourageAvgSampled07","CourageVarSampled07","CourageAvgSampled08","CourageVarSampled08","CourageAvgSampled09","CourageVarSampled09","CourageAvgSampled10","CourageVarSampled10","GTI2018","GTI2019","GTI2020","Hofstede2010_IDV","Hofstede2010_MAS","GII2017","GII2018","GII2019","GII2020","GII2021","BCGIII2009","BloombergInnovation2015","CreativityIndex2015","OECD_Edu_Primary","OECD_Edu_Primary_SE","OECD_Edu_Secondary","OECD_Edu_Secondary_SE","OECD_Edu_Tertiary","OECD_Edu_Tertiary_SE","OECD_GDP_2017","OECD_GDP_2018","OECD_GDP_2019","OECD_GDP_2020","OECD_GDP_2021","OECD_Unemployment_2017","OECD_Unemployment_2018","OECD_Unemployment_2019","OECD_Unemployment_2020","OECD_Unemployment_2021","UN_Edu_Primary_ComplRate_2017","UN_Edu_Primary_ComplRate_2018","UN_Edu_Primary_ComplRate_2019","UN_Edu_Primary_EnrolRate_2017","UN_Edu_Primary_EnrolRate_2018","UN_Edu_Primary_EnrolRate_2019","UN_Edu_Secondary_EnrolRate_2017","UN_Edu_Secondary_EnrolRate_2018","UN_Edu_Secondary_EnrolRate_2019","UN_Edu_Tertiary_EnrolRate_2017","UN_Edu_Tertiary_EnrolRate_2018","UN_Edu_Tertiary_EnrolRate_2019","UN_GDP_2017","UN_GDP_2018","UN_GDP_2019","UN_GDP_Growth_2017","UN_GDP_Growth_2018","UN_GDP_Growth_2019","UN_GDP_percap_2017","UN_GDP_percap_2018","UN_GDP_percap_2019","UN_GDP_percap_growth_2017","UN_GDP_percap_growth_2018","UN_GDP_percap_growth_2019","UN_GDP_PPP_percap_2017","UN_GDP_PPP_percap_2018","UN_GDP_PPP_percap_2019","UN_GNI_Atl_2017","UN_GNI_Atl_2018","UN_GNI_Atl_2019","UN_GNI_Atl_percap_2017","UN_GNI_Atl_percap_2018","UN_GNI_Atl_percap_2019","UN_GNI_PPP_2017","UN_GNI_PPP_2018","UN_GNI_PPP_2019","UN_GNI_PPP_percap_2017","UN_GNI_PPP_percap_2018","UN_GNI_PPP_percap_2019","UN_Metro_Population_2017","UN_Metro_Population_2018","UN_Metro_Population_2019","UN_NetIncome_2017","UN_NetIncome_2018","UN_NetIncome_2019","UN_Patent_NonResident_2017","UN_Patent_NonResident_2018","UN_Patent_NonResident_2019","UN_Patent_Resident_2017","UN_Patent_Resident_2018","UN_Patent_Resident_2019","UN_Researcher_Density_2017","UN_Researcher_Density_2018","UN_RnD_2017","UN_RnD_2018","UN_RnD_2019","UN_TradeMark_NonResident_2017","UN_TradeMark_NonResident_2018","UN_TradeMark_NonResident_2019","UN_TradeMark_Resident_2017","UN_TradeMark_Resident_2018","UN_TradeMark_Resident_2019","UN_Unemployment_2017","UN_Unemployment_2018","UN_Unemployment_2019","UN_Urbanisation_2017","UN_Urbanisation_2018","UN_Urbanisation_2019","WB_Educ_Spending","WB_GDP_curent","WB_GDP_growth","WB_GDP_percap","WB_Gross_Primary_Enrollment","WB_Gross_Secndry_Enrollment","WB_Gross_UpprSec_Enrollment","WB_Immigrants","WB_Internet_Users","WB_Labour_Participation","WB_Patent_Rate","WB_RnD_Spending","WB_Service_Industry_Contribution","WB_UrbanPop_growth","WB_UrbanPop_percnt"
"1","Argentina",0.63628144,0.033804191,0.63844,0.035587123,0.633806667,0.03273215,0.62325,0.033079613,0.626866667,0.0346394,0.652023333,0.034608096,0.653716667,0.029004538,0.63139,0.031981095,0.632153333,0.035292411,0.64372,0.035340691,0.63398,0.030566682,1.68,1.68,1.024,46,56,32,30.65,31.95,28.33,29.8,-0.97,28.22,0.681,NA,NA,NA,NA,NA,NA,649609177860.402,632606330260.472,619790142032.578,558460240937.544,602914460231.398,NA,NA,NA,NA,NA,99.96276093,98.70625305,98.54724121,109.7414627,109.6591721,109.5162964,108.7335968,107.6472778,108.2308426,89.95851898,91.6006012,95.44790649,6.43629e+11,5.2482e+11,4.51932e+11,2.818502978,-2.617396463,-2.025934237,14613.04182,11795.15939,10056.63794,1.757648183,-3.601609757,-2.994387889,23597.11775,23293.39863,22999.27505,5.78844e+11,5.53257e+11,5.05637e+11,13140,12430,11250,1.01288e+12,9.99564e+11,9.92632e+11,23000,22460,22090,43.1279998,43.00810244,42.90402894,4.806461967,4.53681447,5.115008889,3050,3242,3260,393,425,442,1210.45658,1211.42035,0.55712,0.4936,NA,15053,16220,15304,59669,55492,49081,8.35,9.22,9.84,91.749,91.87,91.991,4.9,449664,-2.2,10041,109.65,107.65,86.45,5,74.3,61.2,10.75,0.5,63.9,1.2,91.9
"2","Australia",0.651429619,0.033899964,0.650686667,0.031864142,0.654886667,0.031459893,0.643336667,0.030121609,0.653396667,0.031722876,0.644916667,0.029588277,0.64613,0.033042976,0.657766667,0.037025919,0.656756667,0.031790727,0.65063,0.033117799,0.646553333,0.032282308,2.827,2.645,2.148,90,61,51.83,51.98,50.34,48.35,48.3,1.02,75.56,0.97,25,0.7,35,0.7,39,0.6,1299327696500.85,1336780896756.61,1362695641737.52,1329260290278.62,1379888902329.68,5.5911257633,5.2982890499,5.1577187892,6.455607505,5.0617051566,NA,NA,NA,100.3389816,100.1605911,99.72714996,150.3114777,132.7728882,140.6460419,113.1421585,107.8080521,115.9520416,1.32688e+12,1.42853e+12,1.39195e+12,2.295926947,2.87097248,2.113149425,53934.25018,57180.7794,54875.28596,0.587161103,1.302840712,0.571102988,48398.5497,50100.22467,52030.64391,1.26662e+12,1.32591e+12,1.39285e+12,51480,53070,54910,1.15838e+12,1.21247e+12,1.27756e+12,47090,48530,50370,60.66312466,60.89161823,60.89586172,6.57242132,5.951665613,6.348111288,26403,27200,27121,2503,2757,2637,NA,NA,1.87466,NA,NA,28265,30852,29457,46344,48283,44189,5.59,5.3,5.16,85.904,86.012,86.124,5.1,1380208,-0.3,54763,100.15,132.65,178,30.1,86.5,65.4,273.5,0.2,70.5,1.6,86
"3","Austria",0.627697339,0.035281461,0.607226667,0.031719079,0.63648,0.032929254,0.622646667,0.033703126,0.62842,0.033744472,0.646393333,0.03602036,0.632566667,0.033747852,0.639556667,0.037133231,0.631736667,0.029875733,0.623713333,0.037226259,0.630923333,0.031996606,1.852,1.655,1.016,55,79,53.1,51.32,50.94,50.13,50.9,1.15,72.32,0.788,19,0.4,62,0.4,19,0.2,398678747134.115,408441249647.844,414436829760.176,386143679386.516,401867891742.785,5.4992402986,4.8478773325,4.4863113222,5.3625311103,4.9577209552,99.45317841,99.81300354,99.40850067,103.1131516,103.3168488,103.1049271,100.4552078,99.95783997,100.1937027,85.05713654,86.68834686,86.47553253,4.1623e+11,4.54946e+11,4.45012e+11,2.258572433,2.501595119,1.49121085,47312.00623,51461.43322,50114.40111,1.550724086,2.003552524,1.04090812,54172.98679,57059.53894,58641.29812,3.95824e+11,4.32763e+11,4.52529e+11,44990,48950,50960,4.72122e+11,4.99498e+11,5.18847e+11,53670,56500,58430,21.35199668,21.49813342,21.56931594,12.88402459,13.36214079,14.53319978,232,168,208,2073,2039,2066,5387.92896,5733.07565,3.04885,3.17491,3.2105,3136,3249,3167,5059,5384,5689,5.5,4.85,4.49,58.094,58.297,58.515,5.4,445075,1.4,49701,103.3,99.9,97.95,19.3,87.8,60.6,32.25,0.4,70.2,0.7,58.3
"4","Bangladesh",0.702328205,0.03893561,0.712106667,0.040519193,0.718146667,0.03484858,0.686203333,0.041056296,0.703503333,0.037326759,0.688886667,0.04046289,0.697026667,0.040354735,0.712766667,0.037066574,0.693133333,0.039014832,0.707936667,0.038917705,0.707016667,0.041749033,5.697,5.208,4.909,20,55,23.72,23.06,23.31,20.39,20.2,NA,NA,0.316,NA,NA,NA,NA,NA,NA,NA,NA,NA,NA,NA,NA,NA,NA,NA,NA,NA,NA,NA,114.9886627,116.4663391,NA,69.66316986,72.69059753,72.55812836,18.15146065,20.5650692,24.01688957,2.49711e+11,2.74039e+11,3.02571e+11,7.284174423,7.86375358,8.152684149,1563.767819,1698.132081,1855.740094,6.136478312,6.733298633,7.045288761,4160.703325,4547.480016,4954.761848,2.4275e+11,2.82036e+11,3.15421e+11,1520,1750,1930,6.92953e+11,7.67323e+11,8.43954e+11,4340,4750,5180,14.78841202,15.11616239,15.45463137,24.39182174,22.2936195,24.36864208,241,299,345,61,69,68,NA,NA,NA,NA,NA,3843,4120,4392,9247,7960,8043,4.37,4.29,4.22,35.858,36.632,37.405,1.3,301051,8.2,1846,NA,72.7,58.85,1.3,12.9,59,NA,NA,55.5,3.5,36.6
"5","Belarus",0.613028481,0.037270542,0.611003333,0.037853094,0.615163333,0.038235595,0.613783333,0.037535709,0.61332,0.037974125,0.615166667,0.037406775,0.614336667,0.036269502,0.609703333,0.037229768,0.618683333,0.036074592,0.611003333,0.037156699,0.612206667,0.036203549,0,0,0,NA,NA,29.98,29.35,32.07,31.27,32.6,NA,NA,0.598,NA,NA,NA,NA,NA,NA,NA,NA,NA,NA,NA,NA,NA,NA,NA,NA,101.6810074,104.6179123,NA,101.9657898,100.5002136,NA,103.5134583,102.4395294,NA,88.45143127,87.42909241,93.39631653,54726595249,60031262269,64409647194,2.5321835,3.149197594,1.4,5785.670673,6360.062473,6837.717826,2.644807522,3.369991519,1.604818192,18356.10077,19430.27877,20094.52581,50355259255,54056894140,59972960904,5320,5730,6370,1.67108e+11,1.76769e+11,1.83672e+11,17670,18730,19500,20.98189352,21.23866578,21.40901072,11.15202751,12.3692755,10.59150236,90,94,95,434,453,298,NA,NA,0.58411,0.60443,NA,5638,5946,5970,1954,1872,2023,5.65,4.76,4.71,78.134,78.595,79.044,4.8,63081,1.2,6674,100.5,102.4,115.35,11.3,82.8,63.7,7.75,0.4,56.2,0.7,78.6
"6","Belgium",0.621628881,0.030843929,0.630356667,0.032300792,0.63656,0.030048033,0.628263333,0.031992757,0.624553333,0.028039499,0.621386667,0.02891896,0.618606667,0.034381718,0.619433333,0.031965444,0.605573333,0.033743623,0.621263333,0.030352134,0.619526667,0.027322297,4.06,3.636,3.043,75,52,48.85,50.5,50.18,49.13,49.2,0.86,67.42,0.817,NA,NA,NA,NA,NA,NA,475730903716.205,484384308336.824,494797238563.637,466793489918.293,495201322711.628,7.1252621029,5.9749859565,5.3580537019,5.5526181779,6.2913273026,NA,NA,NA,103.905571,103.3507004,102.6195068,158.5418549,155.9610748,156.0806122,79.66172791,78.90116882,80.13816833,5.01523e+11,5.43008e+11,5.35289e+11,1.619580278,1.819203664,2.149559681,44089.31009,47519.5531,46591.49161,1.228866236,1.356791445,1.598970017,50442.27054,52623.55967,54918.1662,4.83061e+11,5.25762e+11,5.516e+11,42470,46010,48010,5.79049e+11,6.06655e+11,6.37016e+11,50900,53090,55450,26.90854052,26.96862201,27.00496476,11.60935277,11.25735666,11.5997042,216,218,257,1001,892,876,4729.55358,5023.26301,2.66124,2.76578,NA,4240,4276,4175,20179,19296,19071,7.09,5.95,5.36,97.961,98.001,98.041,6.4,533097,1.7,46198,103.35,156.2,150,17.3,90.3,53.4,631.5,3.1,77.9,0.7,98
"7","Bosnia and Herzegovina",0.665559211,0.040644307,0.667583333,0.040412712,0.66434,0.040308533,0.66638,0.040256076,0.666286667,0.040006272,0.66508,0.041013572,0.667396667,0.0396262,0.664436667,0.040905779,0.665453333,0.040529941,0.666283333,0.040987916,0.66721,0.040356815,1.339,1.388,0.677,NA,NA,30.23,31.09,31.41,28.99,29.6,NA,NA,0.253,NA,NA,NA,NA,NA,NA,NA,NA,NA,NA,NA,NA,NA,NA,NA,NA,89.0358963,85.42336273,NA,NA,NA,NA,NA,NA,NA,47.82963181,43.4591217,40.19034958,18079075771,20177409351,20201323260,3.171434875,3.740071092,2.831002603,5394.268944,6070.349081,6119.762345,4.240509741,4.601625193,3.545337395,13753.83162,14916.78501,15847.13404,17158705388,19106770139,20405633481,5120,5750,6180,45709606783,49287340356,52279645567,13640,14830,15840,NA,NA,NA,NA,NA,NA,12,12,14,87,84,45,485.42082,471.2501,0.20048,0.19485,NA,3383,3424,3202,289,361,374,20.53,18.4,15.69,47.876,48.245,48.626,NA,20164,2.7,6109,NA,NA,82.3,1.1,69.9,46.1,581,0.2,64.9,-0.3,48.2
"8","Brazil",0.635466054,0.035555614,0.654153333,0.033774231,0.64231,0.032242308,0.65369,0.035652522,0.654426667,0.037842767,0.649326667,0.034218053,0.633056667,0.03698808,0.63869,0.035058596,0.623953333,0.030458934,0.63192,0.034502141,0.637316667,0.04064007,1.388,2.53,2.443,38,49,33.1,33.44,33.82,31.94,34.2,-0.59,33.8,0.667,NA,NA,NA,NA,NA,NA,1789521236294.94,1819429291785.67,1845036851228.07,1764517338774.62,1852488960107.25,12.7368506497,12.2542814023,11.8637334813,13.4711247223,13.8249843945,NA,NA,NA,115.9717789,114.476532,111.9657822,101.3137894,105.0091095,103.9523773,51.57070923,53.25735092,55.13629913,2.06351e+12,1.91693e+12,1.87782e+12,1.322869054,1.783666761,1.411152985,9928.675897,9151.381732,8897.552966,0.50833798,0.988960033,0.651853446,14524.61354,15020.43822,15388.23492,1.8085e+12,1.92005e+12,1.95724e+12,8700,9170,9270,2.96227e+12,3.05883e+12,3.16069e+12,14250,14600,14980,41.67433044,41.94619575,42.10456125,9.614633541,7.555938264,7.379462561,20178,19877,19932,5480,4980,5464,NA,NA,1.09392,1.16038,NA,26911,28356,28393,159192,176063,218764,12.82,12.33,11.93,86.309,86.569,86.824,6.3,1847796,1.1,8755,114.45,105.05,98.2,0.5,73.9,63.7,61,0.1,73.9,1.2,86.6
"9","Brunei Darussalam",0.668659472,0.023062201,0.665183333,0.02399114,0.678046667,0.024392045,0.66527,0.023911101,0.665543333,0.023565493,0.666753333,0.021561404,0.671556667,0.024438756,0.668046667,0.022419095,0.661656667,0.023410066,0.65972,0.023709413,0.67519,0.023596455,NA,NA,NA,NA,NA,32.89,32.84,32.35,29.82,28.2,NA,NA,NA,NA,NA,NA,NA,NA,NA,NA,NA,NA,NA,NA,NA,NA,NA,NA,NA,107.4272232,107.9787216,100.0980072,104.8577118,103.151619,100.0995026,92.93731689,93.48278046,92.09571838,33.56496048,31.21179962,31.47384071,12128104859,13567351175,13469422959,1.328602552,0.052237791,3.869109865,28571.60829,31628.47626,31085.96193,0.209044442,-0.992460953,2.829690022,60994.53156,61839.11757,64724.13243,12650894476,12605129537,13965649019,29800,29390,32230,27428959649,26690441429,28796535329,64620,62220,66460,NA,NA,NA,35.25578268,29.72569154,31.16375074,99,97,134,8,24,7,NA,NA,NA,0.27763,NA,1530,1837,1820,121,141,180,9.32,8.7,6.92,77.312,77.629,77.942,4.4,13469,3.9,31086,100.1,92.15,85.9,25.6,95,64.4,155.75,0.6,37.5,1.9,77.6
"10","Bulgaria",0.677187584,0.034867963,0.68609,0.033273333,0.689996667,0.02993603,0.67524,0.036480464,0.66389,0.036358386,0.69081,0.034952496,0.683493333,0.034265134,0.68056,0.034206742,0.676273333,0.032782293,0.669156667,0.034107564,0.66045,0.034400255,0.315,0.372,0.172,30,40,42.84,42.65,40.35,39.98,42.4,-0.13,44.83,0.505,NA,NA,NA,NA,NA,NA,NA,NA,NA,NA,NA,NA,NA,NA,NA,NA,89.81646729,86.6185379,84.97651672,89.33377075,87.44220734,85.94416046,98.18347168,96.82090759,92.39259338,71.03066254,71.52152252,73.37917328,59199447421,66363422450,68915416142,2.76217096,2.684576131,4.037592082,8366.293221,9446.700772,9879.268533,3.515538335,3.428724777,4.772502064,21469.93915,22957.40013,24707.0626,53879918047,59916014386,66240537216,7610,8530,9500,1.485e+11,1.56053e+11,1.67483e+11,20990,22210,24010,17.90346932,18.11261635,18.30534332,12.07236518,10.6218988,12.54145186,23,18,7,202,180,186,2125.18395,2342.86988,0.74308,0.75565,NA,1839,1846,1666,4150,3969,3721,6.16,5.21,4.23,74.669,75.008,75.347,4.1,67926,3.4,9703,87.45,96.8,121.3,2.7,67.9,55.2,2066.5,2.2,70.8,-0.2,75
"11","Canada",0.649402184,0.031849948,0.665553333,0.033001051,0.64991,0.027939065,0.64916,0.028711974,0.64166,0.03177662,0.646086667,0.033649698,0.66019,0.032075378,0.653076667,0.031384533,0.647226667,0.027657199,0.65519,0.031845546,0.6488,0.033799017,3.527,3.591,3.171,80,52,53.65,52.98,53.88,52.26,53.1,1.42,78.78,0.92,10,0.3,36,0.4,54,0.4,1622511346012.3,1661931031262.27,1692866470489.92,1602925410219.13,1680114063824.04,6.3858218568,5.907390181,5.737765983,9.549287272,7.5963550829,NA,NA,NA,100.9436798,101.501091,100.9897537,113.7628632,114.1235123,114.3332672,68.92250824,70.11302185,75.69882202,1.64927e+12,1.72185e+12,1.74158e+12,3.039880225,2.429547545,1.861415379,45129.35644,46454.74339,46326.67264,1.811114549,0.992851882,0.430211134,48317.09658,50239.99105,50660.57779,1.56776e+12,1.66622e+12,1.74646e+12,42900,44950,46460,1.74331e+12,1.83071e+12,1.88009e+12,47700,49390,50010,45.94116425,45.92469244,45.7826409,6.659000665,6.124687413,6.462810362,30969,31812,32250,4053,4349,4238,4325.64492,NA,1.66886,1.56287,1.54266,33060,35738,39669,25853,27320,28608,6.34,5.83,5.66,81.35,81.411,81.482,5.3,1741497,1.9,46550,101.5,114.1,117.8,21.3,92.7,64.9,40,0.1,72.5,1.1,81.4
"12","Chile",0.667527287,0.030941146,0.67397,0.029538705,0.674903333,0.030131379,0.66063,0.032612615,0.666173333,0.032065629,0.669073333,0.031566362,0.654343333,0.030331022,0.671463333,0.033185199,0.662683333,0.028870364,0.661926667,0.027111379,0.65821,0.032342588,3.454,4.123,4.031,23,28,38.7,37.79,36.64,33.86,35.1,0.21,NA,0.611,31,2.3,40,1.5,29,2.9,251862838116.772,261346583084.76,263640897059.966,247851675762.5,277488644813.453,6.9650394238,7.3828227327,7.2314347864,10.6629951119,8.8915328056,94.75356293,96.24210358,98.24701691,101.4301605,102.1792221,102.3705368,101.8314209,102.3675537,103.6651611,88.4644165,90.8963089,93.10112762,2.77035e+11,2.97572e+11,2.79385e+11,1.184544707,3.713859177,0.942005307,14998.81706,15888.14436,14741.7144,-0.247251359,2.281121035,-0.245035757,24470.70362,24740.49615,25974.73164,2.45103e+11,2.72514e+11,2.84025e+11,13270,14550,14990,4.33291e+11,4.42399e+11,4.74479e+11,23460,23620,25040,35.88194864,35.66827802,35.47648577,5.172804234,3.549489332,5.455278075,2469,2694,2799,425,406,438,493.29542,NA,0.35608,NA,NA,11584,8677,8685,28403,25850,25898,6.96,7.23,7.29,87.49,87.564,87.643,5.4,282318,1.1,14896,102.15,102.35,102.65,8.6,82.3,62.8,5.25,0.4,64.1,1,87.6
"13","China",0.660768875,0.031752989,0.65586,0.030243586,0.654536667,0.031472851,0.65731,0.034776295,0.661866667,0.034304664,0.662416667,0.029882639,0.655546667,0.032270229,0.674193333,0.030175889,0.65214,0.035835311,0.649993333,0.033570381,0.666406667,0.026951767,5.108,4.465,3.587,20,66,52.54,53.06,54.82,53.28,54.8,1.87,65.67,0.462,NA,NA,NA,NA,NA,NA,NA,NA,NA,NA,NA,NA,NA,NA,NA,NA,NA,NA,NA,99.40480804,100.2227478,101.9257202,NA,NA,NA,49.07326126,50.60443878,53.76491165,1.23104e+13,1.38948e+13,1.42799e+13,6.947200793,6.749773832,5.949714233,8816.986905,9905.342004,10143.83817,6.301863101,6.251700556,5.574533127,14243.53261,15497.35999,16653.33884,1.21049e+13,1.33854e+13,1.45127e+13,8670,9540,10310,1.9861e+13,2.16436e+13,2.3378e+13,14220,15430,16610,27.07959834,27.68816041,28.34150475,26.13571497,25.38940509,24.53012614,135885,148187,157093,1245709,1393815,1243568,1224.7822,1307.12128,2.11603,2.14058,NA,NA,NA,NA,NA,NA,NA,4.4,4.3,4.6,57.96,59.152,60.308,NA,14342934,6.1,10004,102,NA,79.5,0.1,54.3,67.5,1,0.8,53.4,2.9,59.2
"14","Colombia",0.672037934,0.030922676,0.674796667,0.029810865,0.66185,0.031402028,0.66499,0.030877147,0.69155,0.027442931,0.661166667,0.033012447,0.664363333,0.030991597,0.669513333,0.030769087,0.67738,0.033637427,0.68591,0.028085734,0.66398,0.034411866,5.611,5.912,6.1,13,64,34.78,33.78,33,30.84,31.7,-0.66,NA,0.41,NA,NA,NA,NA,NA,NA,306129894329.155,313980057546.277,324282109977.289,302244682199.163,331071748359.322,9.3697433168,9.6767472116,10.5008999642,15.9181138282,13.7706556102,105.9868011,106.7693863,106.7657318,114.9832687,114.5266571,114.0009918,95.73023224,97.50623322,100.8063126,56.43402863,55.32749176,54.97652054,3.11884e+11,3.34198e+11,3.2343e+11,1.359360868,2.564324283,3.281116805,6376.706716,6729.583332,6424.979492,-0.163409332,1.012856042,1.889274487,14171.3205,14865.89324,15621.08737,2.90124e+11,3.10999e+11,3.30613e+11,5930,6260,6570,6.80445e+11,7.19255e+11,7.67972e+11,13910,14480,15260,43.51856039,43.88586501,43.93044635,4.144720808,3.356543623,2.92400128,1777,1808,1735,595,415,422,88.0191,NA,0.24286,0.23462,NA,9654,10120,10289,17432,18011,19955,8.87,9.11,9.96,80.446,80.778,81.104,4.5,323803,3.3,6432,114,100.9,82.3,3.7,65,68.9,111.25,2,63.5,1.4,80.8
"15","Costa Rica",0.677692308,0.034330144,0.67046,0.032720891,0.680166667,0.034583805,0.67332,0.034479008,0.672473333,0.034359039,0.668776667,0.035645391,0.685,0.033603485,0.68092,0.033213044,0.674333333,0.035203688,0.670903333,0.033661479,0.670816667,0.032773649,0,0,1.066,15,21,37.09,35.72,36.13,33.51,34.5,-0.39,NA,0.607,NA,NA,NA,NA,NA,NA,61257118741.3696,62859546407.5851,64277855833.7986,61665811686.388,64729459559.5897,9.0702184146,10.2808421822,11.759155133,19.462006019,16.7691519378,96.77837372,98.59436798,102.7380524,110.8334732,113.2942886,116.1822891,128.9296265,132.816925,141.3639832,56.52795029,55.31010056,57.67481995,60516043590,62420165100,64072870932,4.157698963,2.615904404,2.256315079,12225.57449,12485.4239,12693.82796,3.092566338,1.600140073,1.281513711,20347.03477,21022.76519,21833.96661,56908615254,59846134327,61002601494,11500,11970,12090,95452508500,99415291473,1.03564e+11,19280,19890,20520,27.01513448,27.15792539,27.31113106,16.02461078,16.16357604,15.38833247,504,490,483,19,8,16,380.40758,345.03858,0.44068,0.38288,NA,6503,4878,4681,7902,5117,7101,8.14,9.63,11.49,78.56,79.34,80.076,7,61774,2.1,12238,116.2,141.45,143.85,10.2,81.2,62,7.5,3.4,75.4,2.5,79.3
"16","Croatia",0.660628913,0.035741236,0.671466667,0.033195922,0.664436667,0.034354401,0.66731,0.032167218,0.664526667,0.036840725,0.672506667,0.034222786,0.65961,0.033089015,0.653863333,0.03359666,0.666,0.034740722,0.657773333,0.038758457,0.655286667,0.035555162,0.014,0,0,33,40,39.8,40.73,37.82,37.27,37.3,-0.03,45.27,0.481,NA,NA,NA,NA,NA,NA,NA,NA,NA,NA,NA,NA,NA,NA,NA,NA,95.54715729,94.84780884,94.53153992,96.47103119,94.60305023,93.22310638,99.40242004,100.0797729,100.1194305,67.86556244,67.65422821,67.72174835,56214427431,62247874949,62246206341,3.41409226,2.900009599,3.481945603,13629.28959,15227.5601,15311.7669,4.66317567,3.823527345,4.056979224,27154.08615,28960.38457,30989.58099,52978462631,58363728823,62285182814,12840,14280,15320,1.10376e+11,1.16678e+11,1.24113e+11,26760,28540,30530,NA,NA,NA,12.62049509,12.80003205,13.13347095,11,15,16,148,121,195,1868.34023,1921.13136,0.86266,0.97192,NA,1577,1701,1446,1251,1060,1493,11.21,8.43,6.62,56.667,56.947,57.242,3.9,60415,2.9,14627,94.65,100.15,90.55,12.9,79.1,51,45.75,1.3,72,-0.1,56.9
"17","Czechia",0.620683612,0.033809685,0.624713333,0.035486787,0.61732,0.033807008,0.616786667,0.036398971,0.613693333,0.035538046,0.61679,0.033204896,0.628413333,0.031574725,0.597436667,0.03481026,0.619813333,0.030627664,0.614426667,0.036653423,0.611016667,0.032737863,1.562,0.866,0.315,59,57,50.98,48.75,49.43,48.34,49,0.41,55.55,0.609,NA,NA,NA,NA,NA,NA,NA,NA,NA,NA,NA,NA,NA,NA,NA,NA,NA,NA,NA,NA,NA,NA,NA,NA,NA,NA,NA,NA,NA,NA,NA,NA,NA,NA,NA,NA,NA,NA,NA,NA,NA,NA,NA,NA,NA,NA,NA,NA,NA,NA,NA,NA,NA,NA,NA,NA,NA,NA,NA,NA,NA,NA,NA,NA,NA,NA,NA,NA,NA,NA,NA,NA,NA,NA,NA,NA,NA,NA,NA,NA,NA,NA,NA,NA,3.9,250681,2.3,23452,100.5,102.3,107.65,5.1,80.9,60.3,14,NA,63,0.2,73.8
"18","Denmark",0.643233677,0.031805908,0.63824,0.031960624,0.642226667,0.033647494,0.642096667,0.034395432,0.653243333,0.02758989,0.633983333,0.034486491,0.64536,0.030718606,0.644396667,0.033909859,0.64721,0.032379685,0.648693333,0.031559317,0.634776667,0.030260836,0.817,0.957,1.484,74,16,58.7,58.39,58.44,57.53,57.3,1.42,79.38,0.917,20,0.6,40,0.7,39,0.5,321478529991.164,328474013225.75,337837922398.502,328599492745.652,344029211705.12,5.8125140671,5.0983675178,5.0467546755,5.6431169404,4.9391076313,103.7763977,101.0366287,101.8970795,101.2680893,100.5239105,100.2676697,129.0774841,129.7455444,129.885025,80.6160202,81.18334961,81.83975983,3.32121e+11,3.56841e+11,3.47561e+11,2.821736341,1.989537315,2.114664208,57610.09818,61591.92887,59775.7351,2.162355113,1.485085157,1.749614095,55356.68078,57456.61183,59896.5675,3.26789e+11,3.54925e+11,3.68963e+11,56690,61260,63460,3.26116e+11,3.42131e+11,3.58327e+11,56570,59050,61630,22.61888159,22.79787684,22.94102492,19.12084625,19.18152361,21.1462619,282,239,228,1490,1262,1351,7924.95265,8065.88729,3.05015,3.03292,NA,1746,1708,1786,2554,2392,2421,5.83,5.13,5.02,87.757,87.874,87.994,7.8,350104,2.8,60657,100.55,129.75,138.1,12.4,98,62.1,2,NA,74.3,0.6,87.9
"19","Ecuador",0.679491071,0.033452466,0.678903333,0.033310803,0.686026667,0.033197103,0.67611,0.034144205,0.681043333,0.03309548,0.682323333,0.031770688,0.676956667,0.034698336,0.681403333,0.034175532,0.67668,0.033337382,0.681686667,0.034453647,0.685563333,0.033565605,1.471,2.455,2.606,8,63,29.14,26.8,26.56,24.11,25.4,-1.11,NA,0.532,NA,NA,NA,NA,NA,NA,NA,NA,NA,NA,NA,NA,NA,NA,NA,NA,105.4158478,104.4336777,101.4974976,103.5349426,103.267952,101.1975479,102.1983109,101.4356537,100.5680771,NA,47.59777069,47.94522858,1.04296e+11,1.07562e+11,1.08108e+11,2.368386526,1.289291933,0.012105103,6213.503127,6295.934662,6222.524653,0.573913174,-0.483429078,-1.653249634,11617.91222,11839.34324,11851.46541,98293807220,1.04e+11,1.05788e+11,5860,6090,6090,1.90453e+11,1.96708e+11,1.99859e+11,11350,11510,11500,27.62446623,27.63459255,27.5929587,9.208235537,6.40637708,5.628797288,401,371,408,16,34,29,NA,NA,NA,NA,NA,6289,6534,7080,8262,11435,12270,3.84,3.53,3.81,63.67,63.821,63.986,5,107436,0.1,6184,103.25,101.45,97.6,4.4,48.9,68.1,291.75,NA,55.7,1.8,63.8
"20","Egypt",0.700587177,0.037013123,0.703313333,0.039330671,0.724886667,0.037806937,0.70296,0.033051871,0.709346667,0.037031311,0.68341,0.042809948,0.692616667,0.039437709,0.702583333,0.038228779,0.703676667,0.037706581,0.714516667,0.032389762,0.708403333,0.037226041,7.345,6.794,6.419,NA,NA,26,27.16,27.47,24.23,25.1,-0.47,NA,0.196,NA,NA,NA,NA,NA,NA,NA,NA,NA,NA,NA,NA,NA,NA,NA,NA,NA,NA,NA,NA,NA,NA,NA,NA,NA,NA,NA,NA,NA,NA,NA,NA,NA,NA,NA,NA,NA,NA,NA,NA,NA,NA,NA,NA,NA,NA,NA,NA,NA,NA,NA,NA,NA,NA,NA,NA,NA,NA,NA,NA,NA,NA,NA,NA,NA,NA,NA,NA,NA,NA,NA,NA,NA,NA,NA,NA,NA,NA,NA,NA,NA,NA,NA,NA,3.8,317359,5.6,3161,106.45,89.45,77.55,0.5,57.3,46.5,NA,NA,51.9,2.1,42.7
"21","Estonia",0.626420792,0.030119282,0.6123,0.031780037,0.630086667,0.033568427,0.6214,0.030068542,0.634173333,0.026282699,0.624723333,0.030815779,0.623053333,0.030619609,0.609993333,0.030655893,0.626936667,0.031474053,0.629536667,0.034970979,0.627863333,0.031674988,0.229,0.115,0.057,60,30,50.93,50.51,49.97,48.28,49.9,0.94,NA,0.625,11,0.4,46,0.7,43,0.7,24868524278.2843,25892654943.4524,26929010246.9849,26212136701.6424,28738490086.7177,5.7630392788,5.3702978754,4.4477654426,6.8057625478,6.197232464,97.23143768,96.69463348,97.43179321,97.2301712,97.66768646,97.92819214,116.8747482,116.651741,115.6051178,69.04592133,70.36543274,74.231987,26857880622,30474612057,31045591753,5.792044675,4.133819798,4.096342644,20387.28315,23052.30126,23397.12001,5.664039082,3.772023311,3.710285764,33821.93291,36158.81965,38294.47736,24727833118,28164321629,30848499953,18770,21300,23250,43527298152,47087238431,50343824264,33040,35620,37940,NA,NA,NA,14.7392717,15.23417498,15.73319744,4,6,1,37,24,31,3542.54618,3755.32912,1.27996,1.40441,NA,1321,1328,1340,1060,1377,1176,5.76,5.37,4.45,68.717,68.88,69.051,5,31471,5,23740,97.65,116.65,131.2,15,89.5,63.3,NA,NA,71.8,-0.2,68.9
"22","Finland",0.61140452,0.033447997,0.591113333,0.031771278,0.618043333,0.035468938,0.629353333,0.031367152,0.621003333,0.038432425,0.613583333,0.040088217,0.609506667,0.03165003,0.623786667,0.029036349,0.616953333,0.03205965,0.61058,0.038581328,0.615176667,0.035276266,2.501,2.026,1.721,63,26,58.49,59.63,59.83,57.02,58.4,1.8,86.36,0.917,14,0.5,42,0.7,43,0.6,248809396457.96,251648412307.391,255026608189.187,247711066762.401,256454924919.324,8.7418912176,7.4112831246,6.7388503773,7.7714461728,7.7410474137,101.4983215,100.3738098,100.9760818,100.1546402,100.2051086,99.91573334,153.9635773,154.8202362,145.318985,88.1978302,90.2617569,92.95500946,2.55017e+11,2.7558e+11,2.68782e+11,3.19240963,1.141947509,1.343755373,46297.49635,49964.49991,48678.31413,2.950531373,1.00788071,1.23214448,47570.13358,49706.59709,51521.33482,2.46714e+11,2.65613e+11,2.75782e+11,44790,48160,49950,2.62157e+11,2.75259e+11,2.85919e+11,47590,49910,51780,22.87265891,23.19082952,23.40319103,9.687832094,10.04756657,10.37269668,139,100,75,1390,1387,1321,6721.83019,6861.10974,2.73349,2.75572,NA,1405,1352,1500,3050,2886,2850,8.64,7.36,6.7,85.325,85.382,85.446,6.4,269296,1.1,48678,100.2,155,205.85,7,89.6,58.9,NA,NA,69.4,0.8,85.4
"23","France",0.631997239,0.032091204,0.629563333,0.028401364,0.620553333,0.030717639,0.637043333,0.032962122,0.63798,0.034714936,0.621843333,0.034187939,0.641116667,0.033675996,0.618796667,0.029976156,0.64381,0.036377927,0.626946667,0.036117516,0.648973333,0.027934668,5.475,5.008,4.614,71,43,54.18,54.36,54.25,53.66,55,1.64,80.6,0.822,24,0.5,44,0.5,32,0.3,2524154087996.89,2570612701480.5,2617882559440.58,2408793552566.96,2572367517611.88,9.4806296779,9.0887452132,8.4937325629,8.1028270109,7.8095984345,NA,NA,NA,102.4172211,102.4644089,102.5394821,103.7560806,103.7733307,104.2929916,65.80223083,67.54351807,68.35790253,2.58874e+12,2.78959e+12,2.72887e+12,2.291419994,1.865066071,1.842971814,38685.25849,41572.48501,40578.64429,1.994998447,1.585878806,1.620358453,44577.06457,46620.68448,49619.90971,2.56111e+12,2.76142e+12,2.85879e+12,38270,41150,42510,3.05043e+12,3.20086e+12,3.40848e+12,45580,47700,50680,22.66275511,22.71818858,22.7881959,9.03791977,9.152918692,9.1618049,1832,1919,1766,14415,14303,14103,4561.11283,4715.31913,2.20348,2.19294,NA,7859,7718,7413,86315,90581,95100,9.41,9.02,8.44,80.18,80.444,80.709,5.5,2715518,1.5,40319,102.85,104.15,107.8,13.1,83.3,54.9,NA,NA,78.9,0.8,80.4
"24","Germany",0.621186362,0.031396936,0.620373333,0.033171365,0.639633333,0.034017363,0.620473333,0.0270671,0.6338,0.025528221,0.625636667,0.028308239,0.612386667,0.030569409,0.62639,0.030028714,0.627396667,0.030577203,0.619796667,0.035372544,0.604996667,0.03412092,4.601,4.254,3.965,67,66,58.39,58.03,58.19,56.55,57.3,1.12,86.41,0.837,9,0.5,55,0.9,36,0.8,3528105731521.43,3567049872226.31,3605825385156.94,3428143852584.2,3526375692967.64,3.7541804404,3.4037468198,3.1575925749,3.8733069869,3.5595119292,98.80513763,100.8433228,99.01779938,104.0223618,103.8945618,102.5161819,98.40927887,97.59349823,97.54060364,70.2466507,70.34264374,73.52105713,3.68173e+12,3.97535e+12,3.88833e+12,2.680231114,1.086024514,1.055508247,44542.2952,47950.18081,46794.89929,2.297206047,0.782690047,0.827864779,53071.45557,55142.31878,56284.98052,3.61288e+12,3.93043e+12,4.08321e+12,43710,47410,49140,4.49125e+12,4.71864e+12,4.82852e+12,54340,56920,58110,9.550086271,9.583031253,9.600163248,14.11673182,14.00438448,13.30715408,19927,21281,20802,47785,46617,46632,5076.51794,5211.87408,3.06792,3.13267,NA,9237,9566,10013,67470,65686,68291,3.75,3.38,3.14,77.261,77.312,77.376,4.9,3861124,0.6,46232,103.9,97.5,95.8,18.8,88.1,60.8,NA,NA,69.6,0.3,77.3
"25","Greece",0.663772753,0.033499324,0.66872,0.037905179,0.66304,0.031800319,0.67183,0.036142824,0.667413333,0.029084083,0.667486667,0.037960351,0.652493333,0.030542324,0.654526667,0.03497936,0.667513333,0.03218114,0.66842,0.028376271,0.67339,0.031415075,4.291,4.267,4.182,35,57,38.85,38.93,38.9,36.79,36.3,0.12,57.66,0.484,33,0.4,40,0.4,27,0.3,196846222859.929,200130423297.35,203739915123.275,185364390974.615,197701150895.952,21.4876378871,19.2919113229,17.3127338844,16.3045708294,14.6081958005,96.76635742,97.93238068,96.35045624,99.55348206,99.36643219,99.96620178,104.4962692,104.8778992,108.0768585,136.6025696,142.8520355,148.5308838,1.99351e+11,2.11946e+11,2.05144e+11,1.09214912,1.668428636,1.803595256,18536.19072,19747.34258,19133.75776,1.29229029,1.874903163,1.910891048,28604.86094,29652.93088,30841.70285,1.92927e+11,2.04543e+11,2.10693e+11,17940,19060,19650,3.06094e+11,3.14753e+11,3.27666e+11,28460,29330,30560,29.3588586,29.40123631,29.41871825,-5.209963267,-5.006922808,-3.347076618,91,149,238,498,430,356,3311.44856,3482.71652,1.13109,1.17732,NA,NA,NA,NA,NA,NA,NA,21.49,19.29,17.31,78.724,79.058,79.388,4,205327,1.9,19604,99.35,104.85,108.3,12.9,75.7,51.4,NA,NA,80.8,0.1,79.1
"26","Hong Kong",0.645593704,0.028941169,0.642653333,0.025853097,0.64998,0.030576046,0.6323,0.030435334,0.656466667,0.02961641,0.646763333,0.029956302,0.630596667,0.03187582,0.649726667,0.028342179,0.64469,0.025325459,0.633406667,0.028995781,0.65795,0.027908676,NA,NA,NA,25,57,53.88,54.62,55.54,54.24,53.7,NA,49.19,0.715,NA,NA,NA,NA,NA,NA,NA,NA,NA,NA,NA,NA,NA,NA,NA,NA,NA,NA,NA,NA,NA,NA,NA,NA,NA,NA,NA,NA,NA,NA,NA,NA,NA,NA,NA,NA,NA,NA,NA,NA,NA,NA,NA,NA,NA,NA,NA,NA,NA,NA,NA,NA,NA,NA,NA,NA,NA,NA,NA,NA,NA,NA,NA,NA,NA,NA,NA,NA,NA,NA,NA,NA,NA,NA,NA,NA,NA,NA,NA,NA,NA,NA,NA,NA,NA,NA,NA,NA,NA,NA,NA,NA,NA,NA,NA,NA,NA,NA,NA
"27","Hungary",0.628419556,0.032849181,0.651746667,0.028338317,0.619883333,0.030531782,0.63573,0.036154278,0.637193333,0.02936429,0.646013333,0.034628415,0.634636667,0.029617563,0.644896667,0.030090073,0.63314,0.034036415,0.629066667,0.032576477,0.62936,0.028300445,0.363,0.181,0.551,80,88,41.74,44.94,44.51,41.53,42.7,0.51,51.12,0.673,NA,NA,NA,NA,NA,NA,133580871847.728,140786738417.861,147195486787.677,140081245716.721,149768999910.453,4.0339881821,3.5960122186,3.3147819387,4.1287580916,4.0468409376,105.0500336,98.84925079,95.60597229,100.8054733,96.76048279,95.49093628,103.4899597,103.9211578,80.32145691,48.50038147,50.30653,52.44464874,1.43136e+11,1.60587e+11,1.63526e+11,4.268557419,5.359496489,4.554063072,14623.69665,16427.37276,16735.65978,4.546135601,5.493163302,4.601390464,29501.12042,31862.88251,33961.56561,1.2907e+11,1.4648e+11,1.61455e+11,13190,14980,16520,2.77075e+11,2.99279e+11,3.23113e+11,28310,30620,33070,17.92972105,17.9989308,18.0522725,11.71626427,14.31967635,15.09644383,36,36,23,496,407,427,2921.5331,3237.70314,1.33193,1.53337,NA,1874,1959,1729,3770,3492,3555,4.16,3.71,3.42,71.062,71.351,71.644,4.7,163469,4.6,16879,96.75,103.9,106.55,6.1,80.4,56.4,NA,NA,66.3,0.2,71.4
"28","Iceland",0.657752033,0.033587201,0.665546667,0.029132871,0.660103333,0.033118775,0.65816,0.03388071,0.653796667,0.033028591,0.655,0.035130595,0.662596667,0.034696583,0.65622,0.030183677,0.655113333,0.035506228,0.6513,0.034711742,0.656673333,0.033336662,0.057,0.029,0,NA,NA,55.76,51.24,51.53,49.23,51.8,1.79,48.78,0.913,NA,NA,NA,NA,NA,NA,19414257040.8425,20364037584.9876,20859865857.2442,19503158486.9547,20483578325.1093,3.2759719567,3.1222570533,3.9295392954,6.4300729557,5.9207349035,101.8414917,99.20509338,100.9760437,100.3514404,100.4399109,100.9693527,117.5167084,117.9799423,115.4449615,71.84500885,73.1032486,77.58883667,24728285177,26267063758,24857740445,4.194948829,4.892180731,2.434823,72010.14903,74469.80406,68941.46223,1.779410135,2.120301494,0.206935275,55638.49206,58317.43934,60132.71193,20683023302,23901435354,26286157200,60230,67760,72900,18517234339,19519311238,21486682810,53920,55340,59590,NA,NA,NA,14.46604737,11.76150353,17.22179672,8,10,15,36,56,47,6130.51111,NA,2.10455,2.04135,NA,2922,3095,3083,723,853,638,2.74,2.7,3.51,93.773,93.813,93.855,7.7,24188,1.9,71345,100.45,117.95,131.1,19.2,99,74.8,NA,NA,73.4,0.6,93.8
"29","India",0.714814951,0.034091744,0.73053,0.030732517,0.70378,0.037972306,0.704693333,0.036192655,0.708396667,0.034639437,0.70546,0.032024269,0.717093333,0.037429878,0.70325,0.037411793,0.708493333,0.033923609,0.69973,0.031969736,0.721183333,0.038170966,7.568,7.518,7.353,48,56,35.47,35.18,36.58,35.59,36.4,-0.12,NA,0.292,NA,NA,NA,NA,NA,NA,2420830121967.17,2596665112563.53,2729318022903.95,2543816497049.7,2701200729304.56,NA,NA,NA,NA,NA,94.37374878,NA,91.66149139,112.9578629,NA,96.82868195,73.47688293,74.37950897,73.79296875,27.44212914,28.06055069,28.57290077,2.65147e+12,2.70111e+12,2.8705e+12,6.795383419,6.532989011,4.041554187,1980.66702,1996.915087,2100.751461,5.665781149,5.433077451,2.992664406,6182.922109,6675.361294,6997.863988,2.43959e+12,2.71403e+12,2.89403e+12,1820,2010,2120,8.18743e+12,8.93265e+12,9.47127e+12,6120,6600,6930,15.17952565,15.43479585,15.67452077,18.76466513,17.97117837,15.07340151,31621,33766,34173,14961,16289,19454,NA,252.70392,0.66571,0.65282,NA,23688,26264,26619,242482,297750,322293,5.41,5.33,5.27,33.6,34.03,34.472,3.8,2891582,4.2,2116,96.85,73.8,66.1,0.4,20.1,49.2,NA,NA,53.1,2.4,34
"30","Indonesia",0.65295569,0.028097007,0.65298,0.028479598,0.663243333,0.027300907,0.643706667,0.024044984,0.640266667,0.029019708,0.656186667,0.030638942,0.64231,0.027493445,0.636833333,0.02178135,0.662133333,0.02659235,0.651416667,0.02519423,0.638913333,0.028750962,4.543,5.07,4.629,14,43,30.1,29.8,29.72,26.49,27.1,-0.57,NA,0.202,NA,NA,NA,NA,NA,NA,951180568639.633,1000397424328.6,1050598964866.98,1028856362288.34,1062951373358.95,NA,NA,NA,NA,NA,100.8259201,102.3348389,NA,105.9114304,106.41082,NA,87.05921936,88.91017151,NA,36.44443893,36.31103897,NA,1.01562e+12,1.04227e+12,1.11909e+12,5.069785901,5.17429154,5.018159715,3837.578024,3893.859578,4135.201531,3.841197264,3.987824861,3.871444142,10935.63172,11644.75854,12311.50327,9.34208e+11,1.02816e+12,1.09662e+12,3530,3840,4050,2.80242e+12,3.02408e+12,3.23052e+12,10590,11300,11940,13.27615581,13.38305172,13.49937643,14.14393554,14.75733754,14.21035131,7032,8347,8388,2271,1407,3093,215.19041,215.99355,0.23805,0.22633,NA,16187,18145,22850,51918,56583,39171,3.88,4.4,3.62,54.659,55.325,55.985,3.6,1119191,5,4136,106.35,88.9,80.3,0.1,47.7,67.5,NA,NA,46.1,2.6,55.3
"31","Iran",0.674643094,0.037423124,0.673976667,0.040001347,0.677893333,0.03840453,0.655103333,0.037445023,0.674796667,0.032735761,0.667776667,0.041097652,0.671546667,0.037763566,0.67641,0.037334871,0.666636667,0.037499791,0.675276667,0.034465512,0.69082,0.036054971,4.399,4.717,4.157,41,43,32.09,33.44,34.43,30.89,32.9,NA,NA,0.481,NA,NA,NA,NA,NA,NA,NA,NA,NA,NA,NA,NA,NA,NA,NA,NA,NA,NA,NA,NA,NA,NA,NA,NA,NA,NA,NA,NA,NA,NA,NA,NA,NA,NA,NA,NA,NA,NA,NA,NA,NA,NA,NA,NA,NA,NA,NA,NA,NA,NA,NA,NA,NA,NA,NA,NA,NA,NA,NA,NA,NA,NA,NA,NA,NA,NA,NA,NA,NA,NA,NA,NA,NA,NA,NA,NA,NA,NA,NA,NA,NA,NA,NA,NA,NA,NA,NA,NA,NA,NA,NA,NA,NA,NA,NA,NA,NA,NA,NA
"32","Ireland",0.65826577,0.032836246,0.643146667,0.033844085,0.65529,0.032749651,0.6489,0.03213304,0.657286667,0.034339128,0.646296667,0.036556892,0.658513333,0.030629863,0.661756667,0.029515971,0.640536667,0.035337895,0.664713333,0.02953474,0.66299,0.029093502,3.045,2.692,2.845,70,68,58.13,57.19,56.1,53.05,50.7,1.31,66.71,0.845,27,0.3,38,0.4,35,0.5,325704639732.831,355578749688.039,373729052142.26,395559902082.75,455564054507.899,6.7144164662,5.7615665436,4.95311299,5.7982376368,6.3413774741,98.28806305,97.32833862,100.6323166,100.8527832,101.0328827,100.9808578,125.3071213,154.9082947,138.091217,77.78061676,77.28288269,75.17993927,3.34602e+11,3.84854e+11,3.99122e+11,8.940012772,9.0301611,4.917006978,69601.68388,79068.97461,80886.61574,7.760441977,7.687745795,3.491900991,77749.20196,84665.60623,89550.72666,2.56157e+11,2.88519e+11,3.12021e+11,53280,59280,63230,2.96757e+11,3.19169e+11,3.42946e+11,61730,65570,69500,24.72065912,24.68354222,24.61658499,15.43070334,15.43100969,17.79993263,75,32,35,62,76,58,5401.03558,5243.12624,NA,1.14647,NA,1718,1819,1758,2052,1930,1642,6.71,5.74,4.95,62.947,63.17,63.405,3.5,398590,5.6,81637,101.05,155.1,204,17.6,84.5,61.8,NA,NA,61.4,0.6,63.2
"33","Israel",0.654890936,0.033384868,0.65148,0.030401006,0.65564,0.036163683,0.6598,0.034612154,0.648986667,0.034017786,0.660566667,0.031474574,0.663686667,0.030437326,0.629813333,0.041577811,0.661846667,0.028565963,0.655536667,0.029266872,0.659143333,0.031390351,4.578,4.525,4.522,54,47,53.88,56.79,57.43,53.55,53.4,0.21,84.2,0.665,12,0.5,34,0.8,54,0.7,327169086033.47,340620712361.633,353320873533.139,345981209572.312,367795550258.805,4.2316768754,3.9777253041,3.8191258588,4.289896178,5.157847492,105.5579681,102.4397507,101.9708328,104.901123,104.6884308,104.530159,105.0845566,105.5570602,104.9737015,63.35469055,61.47687149,60.32519913,3.55277e+11,3.73641e+11,3.97935e+11,4.377044428,3.983424594,3.77358981,40774.12961,42063.45313,43951.24773,2.372949592,1.999231494,1.811358909,39121.29583,40690.01183,42296.47503,3.30821e+11,3.6707e+11,3.94233e+11,37970,41320,43540,3.39159e+11,3.61176e+11,3.80788e+11,38920,40660,42060,57.71755822,57.93015716,57.85075105,16.20442419,15.73120742,16.38702387,5377,5857,6370,1436,1506,1368,NA,NA,4.81623,4.94079,NA,6916,7422,7428,2568,2622,2676,4.22,4,3.8,92.336,92.418,92.501,6.1,395099,3.5,46376,104.7,105.6,104.45,22.6,86.8,64,NA,NA,77.9,1.7,92.4
"34","Italy",0.625673874,0.034805,0.616703333,0.031335634,0.616476667,0.03996209,0.633886667,0.034373178,0.636693333,0.033789417,0.62688,0.03939418,0.628626667,0.037124389,0.619063333,0.034853203,0.60693,0.035473276,0.613986667,0.029480863,0.637853333,0.033785845,2.736,3.109,3.043,76,70,46.96,46.32,46.3,45.74,45.7,0.73,63.82,0.715,53,0.6,34,0.5,13,0.2,1893426141956.56,1908604980697.45,1916385609702.44,1743939481433.61,1854037499706.43,11.3015081488,10.6560200447,9.9571764614,9.3069962473,9.6023987124,98.81697845,97.64672089,97.63696289,101.8793564,101.2479477,100.9693375,101.2704086,101.3531036,101.1882629,61.93299866,64.29161835,66.0515976,1.95695e+12,2.09091e+12,2.00938e+12,1.667859041,0.925810941,0.410278294,32326.67421,34605.26273,33641.63375,1.820333852,1.11781662,1.574737716,41581.12079,43119.35319,44950.93403,1.89725e+12,2.04276e+12,2.08305e+12,31340,33810,34870,2.53122e+12,2.63412e+12,2.70808e+12,41810,43600,45340,18.63251436,18.74415442,19.00433894,6.154797261,6.590810585,6.529199365,1031,900,898,8643,8921,9229,2313.65481,2306.76644,1.37013,1.39181,NA,5098,5275,5209,36873,37320,37690,11.21,10.61,9.95,70.144,70.438,70.736,4,2003576,0.3,33090,101.2,101.3,100.15,10.6,74.4,49.4,NA,NA,74,0.3,70.4
"35","Japan",0.627829505,0.032219152,0.627026667,0.029721317,0.631943333,0.032650408,0.628236667,0.034032563,0.6425,0.03689694,0.63911,0.032897369,0.62286,0.037814756,0.639256667,0.034563616,0.63747,0.031443855,0.62221,0.03189513,0.618956667,0.029035052,2.926,2.291,2.014,46,95,54.72,54.95,54.68,52.7,54.5,2.26,89.73,0.708,10,0.4,42,0.5,47,0.3,4555428925846.87,4580886172070.11,4581579544021.2,4371428340123.55,4451695308229.53,2.8187703068,2.4378340125,2.3490542062,2.7848224145,2.8286606029,NA,NA,NA,97.71048737,97.58688354,NA,102.4945068,101.9541473,NA,63.80704117,64.10384369,NA,4.93084e+12,5.03689e+12,5.14878e+12,1.675331752,0.558851275,0.270304645,38891.08627,39808.16856,40777.6087,1.842709058,0.76286091,0.4800882,41505.08248,42386.39981,42896.33109,4.87253e+12,5.20077e+12,5.2489e+12,38430,41100,41570,5.37913e+12,5.46809e+12,5.52533e+12,42430,43220,43760,64.36373311,64.62804209,64.71829775,7.493128811,6.858039131,NA,58189,59937,62597,260292,253630,245372,5304.13762,5331.15027,3.20798,3.27512,NA,34154,38423,39460,154777,145270,148914,2.8,2.4,2.4,91.535,91.616,91.698,3.2,NA,NA,NA,NA,NA,NA,2.2,92.7,NA,NA,NA,NA,NA,NA
"36","Kenya",0.668793548,0.037392818,0.667476667,0.0374073,0.668403333,0.03739075,0.669046667,0.037991483,0.672296667,0.036505848,0.666083333,0.037737669,0.67238,0.037423848,0.668126667,0.03760967,0.67136,0.037444097,0.668036667,0.037205654,0.671736667,0.037720148,6.114,5.756,5.644,27,41,30.95,31.07,31.13,26.13,27.5,-1.01,NA,0.417,NA,NA,NA,NA,NA,NA,NA,NA,NA,NA,NA,NA,NA,NA,NA,NA,NA,NA,NA,NA,NA,NA,NA,NA,NA,11.46471024,NA,10.0383997,82035800868,92202956321,1.00555e+11,3.815506427,5.62910144,4.981132628,1633.491216,1794.091175,1912.647867,1.397716647,3.221429193,2.622086845,4203.585011,4443.179109,4641.080377,75729822839,86570500446,96119242042,1510,1680,1830,2.07227e+11,2.24899e+11,2.40095e+11,4130,4380,4570,10.74881286,10.89609062,11.05146203,-3.775597125,-4.099372357,-5.028488047,43,42,41,135,244,294,NA,NA,NA,NA,NA,3112,NA,3302,3675,NA,3903,2.69,2.64,2.6,26.562,27.03,27.507,5.3,5082466,0.7,40063,103.2,NA,NA,2,22.6,61.6,NA,NA,69.9,0,91.6
"37","Kuwait",0.704387701,0.035221557,0.704996667,0.034191635,0.713506667,0.036471475,0.700456667,0.035586777,0.698323333,0.034921551,0.707206667,0.036044867,0.70797,0.035928156,0.699343333,0.036335698,0.705736667,0.035771686,0.70518,0.035031519,0.70416,0.034283386,3.126,2.487,1.795,NA,NA,36.1,34.43,34.55,28.4,29.9,0.06,NA,0.351,NA,NA,NA,NA,NA,NA,NA,NA,NA,NA,NA,NA,NA,NA,NA,NA,95.37188721,91.81941223,84.59255981,95.688797,92.36026764,88.00608826,NA,NA,NA,55.36050034,54.36413956,55.30754852,1.20707e+11,1.38182e+11,1.36197e+11,-4.712106209,1.246129408,0.42746394,29759.46747,33399.06044,32373.25112,-7.043499891,-0.741247103,-1.237854086,50855.55291,51690.56896,51962.04776,1.27359e+11,1.38314e+11,1.52654e+11,31400,33430,36290,2.38368e+11,2.42236e+11,2.47942e+11,58770,58550,58930,70.06024503,72.25146556,72.55614765,16.66731857,20.40568916,NA,NA,256,NA,NA,1,NA,501.56567,513.86021,0.0804,0.06238,NA,6434,7195,NA,3601,3543,NA,2.25,2.34,2.41,100,100,100,3.8,95502,5.4,1817,88.55,NA,NA,72.8,99.5,74.9,NA,NA,46.2,4.4,27
"38","Latvia",0.621949821,0.035960945,0.62747,0.033041581,0.617316667,0.03357619,0.619073333,0.035481794,0.630543333,0.035656409,0.622483333,0.035561909,0.622213333,0.03745178,0.628133333,0.036408825,0.620163333,0.039518431,0.630713333,0.037139075,0.611103333,0.035483317,0.458,0.229,0.115,70,9,44.61,43.18,43.23,41.11,40,0.12,43.32,0.563,NA,NA,NA,NA,NA,NA,28830855267.1227,29981056627.8112,30725883946.5741,29614048628.705,30887633735.4823,8.7108813752,7.40985888,6.3089344396,8.1085948018,7.4795682495,99.31181335,98.3991394,98.30753326,99.36784363,99.61438751,99.98343658,110.7232513,109.1557007,107.6024628,88.05742645,93.02448273,94.86453247,30408509602,34412210812,34308783825,3.31308889,3.989480387,2.484326355,15656.34749,17856.30712,17926.84159,4.232734576,4.802866946,3.199320082,28673.5634,30811.07179,32240.80702,28839290841,31859855478,34043351900,14850,16530,17790,55551256148,58415554605,60780302725,28600,30310,31760,NA,NA,NA,4.130725381,5.098202694,3.363879313,7,24,5,90,86,82,1784.63705,1792.10447,0.51459,0.64083,NA,1539,1588,1497,1521,1843,1092,8.72,7.41,6.31,68.075,68.142,68.222,4.4,134624,0.4,31999,99.65,109.15,115.4,12.7,86.1,73.4,NA,NA,48.3,5.4,100
"39","Lebanon",0.697282565,0.032613958,0.69786,0.033795766,0.700663333,0.030514572,0.699526667,0.033555334,0.70999,0.029961468,0.695646667,0.034099801,0.69187,0.032006488,0.68889,0.033110105,0.692223333,0.03529499,0.7026,0.03073998,0.693716667,0.030860311,5.154,4.395,3.661,NA,NA,30.64,28.22,28.54,26.02,25.1,NA,NA,0.317,NA,NA,NA,NA,NA,NA,NA,NA,NA,NA,NA,NA,NA,NA,NA,NA,NA,NA,NA,NA,NA,NA,NA,NA,NA,NA,NA,NA,53324800959,55276157552,51953744507,0.782014001,-1.702174807,-7.15724707,7819.60467,8058.444337,7578.172368,-0.771117558,-2.275890999,-7.107153733,16043.0607,16054.36246,15179.58021,51061978859,53187972870,50898328130,7490,7750,7420,1.08974e+11,1.09498e+11,1.02827e+11,15980,15960,15000,34.19518187,34.77371517,35.10760156,-18.57385879,-22.28996785,-23.35315107,NA,NA,NA,NA,NA,NA,NA,NA,NA,NA,NA,NA,NA,NA,NA,NA,NA,6.18,6.1,6.04,88.429,88.593,88.758,2.4,NA,NA,NA,NA,NA,NA,25.1,78.2,NA,NA,NA,NA,NA,NA
"40","Lithuania",0.627829812,0.034414823,0.63137,0.031990869,0.624723333,0.036020957,0.613956667,0.035781634,0.619733333,0.035336477,0.634906667,0.03449561,0.64054,0.034295587,0.62084,0.037879767,0.62251,0.034673201,0.61712,0.035478353,0.63833,0.033324168,0,0.458,0.229,60,19,41.17,41.19,41.46,39.18,39.9,0.16,39.74,0.49,6,0.3,65,0.8,29,0.7,44294395720.231,46063208378.0734,48170033932.1687,48106241591.1084,50583280931.8483,7.073409126,6.147806793,6.255207005,8.4881664293,7.0500539283,102.0011597,104.2855988,104.2602692,103.8747482,104.2653427,102.9923782,108.4017563,108.2379379,108.4455109,72.41745758,73.7303009,72.00897217,47640770634,53724663843,54697379017,4.282596951,3.993310328,4.573771737,16843.69965,19176.81215,19575.76848,5.751046557,4.990353856,4.850949754,33761.87124,36365.36049,38805.74943,43180276969,48893352139,53214693569,15270,17450,19050,92039550958,98719684031,1.04649e+11,32540,35240,37450,NA,NA,NA,9.920005307,11.06005449,11.60022163,46,24,33,81,81,90,3071.96071,3190.70248,0.89641,0.94181,NA,1651,1737,1479,2528,2438,1937,7.07,6.15,6.26,67.516,67.679,67.855,3.8,34103,2.1,17885,104.25,108.2,113.45,5.3,81.6,61,NA,NA,74.4,-1.2,68.1
"41","Malaysia",0.663289398,0.028608326,0.661486667,0.027573408,0.669266667,0.030628169,0.66452,0.031484946,0.67342,0.02869397,0.664046667,0.026783516,0.65666,0.028877188,0.68537,0.027960769,0.654556667,0.025320448,0.675933333,0.028535213,0.6727,0.029032592,2.7,2.495,2.09,26,50,42.72,43.16,42.68,42.42,41.9,0.93,60.57,0.455,NA,NA,NA,NA,NA,NA,NA,NA,NA,NA,NA,NA,NA,NA,NA,NA,99.49160004,99.36345673,100.6573563,105.2916031,104.935997,104.3825226,85.44908142,81.99226379,83.74816132,43.71517944,45.1253891,43.06161118,3.19112e+11,3.58792e+11,3.65276e+11,5.81272241,4.84305661,4.439471288,10259.30481,11380.08209,11432.823,4.383943957,3.435158958,3.06080886,26661.50742,28239.50008,29623.40516,3.09437e+11,3.35819e+11,3.59659e+11,9950,10650,11260,8.05936e+11,8.62611e+11,9.21758e+11,25910,27360,28850,23.52877728,23.99106852,24.35165065,4.887001499,0.81344649,-0.246850033,5906,6179,6480,1166,1116,1071,NA,2184.7224,NA,1.04086,NA,21612,23793,24125,19481,19863,22485,3.41,3.3,3.31,75.447,76.036,76.607,4.2,53367,-5.6,7784,NA,83.85,78.6,10.7,84.2,47,NA,NA,80.7,6.2,88.6
"42","Malta",0.651407104,0.033900215,0.653616667,0.033104164,0.652036667,0.034171393,0.6514,0.034243258,0.657966667,0.034260614,0.65156,0.032730729,0.650553333,0.034520208,0.645636667,0.033779824,0.651836667,0.035537876,0.649613333,0.032711703,0.655353333,0.032603487,NA,NA,NA,59,47,50.6,50.29,49.01,46.39,47.1,0.2,36.17,0.55,NA,NA,NA,NA,NA,NA,NA,NA,NA,NA,NA,NA,NA,NA,NA,NA,101.9341888,103.5776367,108.3026276,104.9983673,106.6741714,106.6061783,104.7541199,107.2667389,108.0291824,54.25991821,59.25175858,64.87290955,13221298308,14864712990,15215714309,8.119425289,5.179224796,5.539566337,28250.69777,30672.29224,30186.19596,5.198577394,1.569799693,1.47093023,42644.05085,44482.23968,46766.76668,11296118680,13129381677,14287266004,24140,27090,28340,17926316212,19949251015,21796888075,38300,41160,43240,NA,NA,NA,NA,NA,NA,NA,NA,7,NA,NA,5,2130.46288,1946.50858,0.58424,0.57246,NA,396,NA,196,771,NA,535,4,3.66,3.4,94.546,94.612,94.678,4.8,54627,4.3,19795,106.6,108.05,109.15,26,85.8,61.4,NA,NA,68.3,-1.1,67.7
"43","Mexico",0.687314994,0.031985667,0.677593333,0.033201092,0.692406667,0.034969533,0.684893333,0.028207721,0.687473333,0.029505882,0.67305,0.026832482,0.69571,0.032419845,0.682843333,0.036016173,0.677576667,0.032669603,0.71035,0.025114844,0.687803333,0.03115767,3.533,4.08,4.316,30,69,35.79,35.34,36.06,33.6,34.5,-0.16,NA,0.407,NA,NA,NA,NA,NA,NA,1228743824070.8,1255714686364.47,1253497100683.46,1149343592260.95,1217172168872.41,3.4188671668,3.3292469861,3.4946009115,4.4081203201,4.0794520922,104.0978394,102.2558899,102.465538,105.7700119,105.0280685,104.6558228,104.3850327,105.103363,104.6472397,40.22895813,41.52280045,42.83069992,1.15891e+12,1.22241e+12,1.26943e+12,2.113129135,2.194994725,-0.176599456,9287.849587,9686.984927,9950.45008,0.931456542,1.050314217,-1.260115672,19721.26098,20258.81045,20456.96437,1.11262e+12,1.15898e+12,1.20864e+12,8920,9180,9470,2.39688e+12,2.48734e+12,2.53392e+12,19210,19710,19860,40.67266436,40.70904403,40.76805435,7.020104586,6.840472187,7.389252288,15850,14869,14636,1334,1555,1305,NA,NA,0.32843,0.31291,NA,30462,32227,32946,108590,109353,112970,3.42,3.28,3.48,79.867,80.156,80.444,4.5,364684,4.3,11414,105.05,105.2,84.15,0.9,70.1,64.4,NA,NA,54.8,2.7,76
"44","Morocco",0.689477204,0.034439738,0.68714,0.03478002,0.696406667,0.034933553,0.691116667,0.033860799,0.691406667,0.034829827,0.689363333,0.033516453,0.695473333,0.032995421,0.689913333,0.034762869,0.689183333,0.035254973,0.693266667,0.033392671,0.685006667,0.03410196,0.038,1.215,0.565,46,53,32.72,31.09,31.63,28.97,29.3,-0.57,27.69,0.178,NA,NA,NA,NA,NA,NA,NA,NA,NA,NA,NA,NA,NA,NA,NA,NA,92.92952728,93.59745789,97.13572693,112.4021606,113.8765793,114.764679,79.86486816,80.22619629,81.18557739,33.78467941,35.93592834,38.54533005,1.09683e+11,1.18096e+11,1.1987e+11,4.254603273,3.148502656,2.607935495,3035.454433,3226.982794,3230.409722,2.896264323,1.844616986,1.21592356,7312.056779,7625.735753,7856.245057,1.04153e+11,1.1326e+11,1.18743e+11,2880,3090,3200,2.59034e+11,2.73636e+11,2.85769e+11,7170,7480,7700,21.70382008,21.73160137,21.77393329,20.44904366,19.1915917,19.27177291,2026,2350,2531,198,187,199,NA,NA,NA,NA,NA,5415,5785,5451,7890,7495,9897,9.19,9.08,9.01,61.908,62.453,62.994,5.3,14864,4.7,33752,114.7,81.15,62.35,0.3,74.4,56.3,NA,NA,86.3,0.6,94.6
"45","Netherlands",0.634946337,0.03152459,0.637666667,0.029873006,0.65631,0.026182964,0.647133333,0.028576136,0.626953333,0.030437543,0.645553333,0.029929485,0.659346667,0.032464709,0.63619,0.035230649,0.640816667,0.028423047,0.637763333,0.035603191,0.636846667,0.032607374,1.96,2.347,2.689,80,14,63.36,63.32,61.44,58.76,58.6,1.12,67.08,0.889,29,0.7,36,0.8,35,0.6,805579174284.452,824261277625.718,839986860456.029,808022047892.377,843045116807.313,4.8551943371,3.8367048724,3.3893275301,3.8396805787,3.3669342435,NA,NA,NA,104.2296219,105.2210312,106.0958176,135.575119,134.2794342,134.3587341,84.98045349,87.09784698,NA,8.3181e+11,9.13597e+11,9.10194e+11,2.910902513,2.360915095,1.955588416,48554.99228,53018.62936,52476.27325,2.304284733,1.764937264,1.289889121,55088.6338,57901.09701,59675.18034,8.07025e+11,8.83168e+11,9.22397e+11,47110,51250,53180,9.50908e+11,1.00916e+12,1.03938e+12,55510,58560,59920,12.43474516,12.41595104,12.38986227,18.36230226,18.59637869,18.21930611,365,394,449,2241,2111,2228,4887.21604,5604.5408,1.98308,2.16374,NA,NA,NA,NA,NA,NA,NA,4.84,3.83,3.38,91.077,91.49,91.876,5.2,1256441,-0.3,9849,105.25,134.3,135.95,13.8,93.3,60.7,NA,NA,63.6,1.8,80.2
"46","New Zealand",0.646523892,0.03380099,0.64955,0.033785232,0.657293333,0.032774121,0.633143333,0.035488779,0.65206,0.027971508,0.659516667,0.034005849,0.65232,0.030855402,0.655846667,0.039001903,0.6473,0.036050719,0.64899,0.035182933,0.644783333,0.037735341,0.286,0.143,4.337,79,58,52.87,51.29,49.55,47.01,47.5,0.77,69.36,0.949,20,0.8,28,0.9,52,1.1,190729931004.312,199147183459.006,205087717707.415,202789691520.423,212256106039.295,4.7417364884,4.3146067416,4.1003290937,4.5954918749,3.895063792,NA,NA,NA,99.97476196,101.0714188,101.6776962,114.5900421,114.6388321,123.1441803,82.03321838,82.98303223,80.30255127,2.06951e+11,2.12226e+11,2.12891e+11,3.613281553,3.20574788,1.633932613,42992.89527,43306.07,42755.21626,1.471532859,1.373543647,0.027564149,42285.3199,43930.88142,45073.20308,1.87274e+11,2.04248e+11,2.1346e+11,38910,41680,42870,1.95916e+11,2.07594e+11,2.18824e+11,40700,42360,43950,31.6949061,31.76906909,31.77209648,13.84413684,13.6396932,NA,5146,5221,5690,1014,1017,324,5529.5219,NA,1.34692,NA,NA,14025,14817,14996,9320,9666,9453,4.7,4.3,4.07,86.466,86.538,86.615,6.3,119701,3.6,3282,101.1,114.75,131.15,28.7,90.8,45.2,NA,NA,57.6,2.4,62.5
"47","Norway",0.636295716,0.032913686,0.653946667,0.032955435,0.639063333,0.036230401,0.643686667,0.030225674,0.646186667,0.030645497,0.631013333,0.036094588,0.6288,0.036879278,0.621643333,0.033352591,0.637493333,0.036377468,0.640833333,0.034258146,0.62619,0.035876542,0.153,0.076,1.297,69,8,53.14,52.63,51.87,49.29,50.4,1.14,73.31,0.883,22,0.6,38,0.7,41,0.6,399667014347.895,404138803841.432,407152902845.967,404232951588.958,420814900456.198,4.1614180721,3.8002113218,3.687677889,4.4216483905,4.9129637042,101.0350189,99.123909,100.5062485,100.2602081,100.0776291,100.215332,116.8744202,117.4500885,118.620163,81.99234772,83.01725769,83.23069,3.98394e+11,4.37e+11,4.0551e+11,2.323258407,1.118828827,0.851897614,75496.75406,82267.80932,75826.08188,1.50014938,0.453550831,0.173378197,64050.75617,69710.48451,68345.06942,3.99221e+11,4.26657e+11,4.36502e+11,75650,80320,81620,3.50409e+11,3.84207e+11,3.7611e+11,66400,72330,70330,18.90197174,19.05574185,19.19928884,17.19660874,18.0396019,15.48089651,908,592,582,1152,1082,957,6350.06229,6466.70021,2.09919,2.07264,NA,11127,11639,11688,4514,4855,4251,4.16,3.8,3.69,81.871,82.248,82.616,7.9,907051,1.7,53053,100.1,117.4,129.45,15.7,98,63.4,NA,NA,78.3,1,91.5
"48","Pakistan",0.706598896,0.034159896,0.71075,0.030854837,0.70729,0.031291417,0.715566667,0.032443805,0.69574,0.035708461,0.70972,0.034787092,0.707506667,0.033251094,0.713693333,0.034623049,0.713026667,0.032170896,0.695006667,0.035287217,0.716553333,0.033494997,8.181,7.889,7.541,14,50,23.8,24.12,25.36,22.31,24.4,-0.82,NA,0.24,NA,NA,NA,NA,NA,NA,NA,NA,NA,NA,NA,NA,NA,NA,NA,NA,NA,71.07129669,72.92545319,90.58917236,94.32820129,95.48413849,40.40158844,42.67465973,44.8681488,9.348919868,8.9584198,12.22064018,3.04567e+11,3.14568e+11,2.79057e+11,5.554277437,5.836417498,1.144749605,1464.926195,1482.213067,1288.556325,3.383928004,3.681034462,-0.8808181,4571.205078,4853.266557,4896.393145,2.9028e+11,3.14469e+11,3.05106e+11,1400,1480,1410,9.34736e+11,1.0122e+12,1.03907e+12,4500,4770,4800,19.87675019,20.0706133,20.20891508,4.528885103,3.294772557,3.228513888,505,586,561,193,306,313,335.58065,NA,0.23627,NA,NA,7793,7438,5591,30632,30543,32741,3.94,4.08,3.98,36.442,36.666,36.907,2.9,206936,1.5,43229,95.1,43.7,34.7,1.5,17.1,69.8,NA,NA,71.6,1.1,86.5
"49","Panama",0.665216393,0.034691525,0.666213333,0.03489461,0.66491,0.0350774,0.661766667,0.03432923,0.666763333,0.034744221,0.664543333,0.034909781,0.667416667,0.034865287,0.664733333,0.034906363,0.665656667,0.034547102,0.66445,0.034560743,0.66649,0.034730719,0.076,0.038,0.019,11,44,34.98,32.37,31.51,29.04,28,-0.43,NA,0.482,NA,NA,NA,NA,NA,NA,NA,NA,NA,NA,NA,NA,NA,NA,NA,NA,89.79547119,NA,NA,94.38598633,NA,NA,76.13717651,NA,NA,NA,NA,NA,62202725204,64929409212,66984427150,5.591328274,3.685344349,2.979715461,15146.40851,15544.99908,15774.25494,3.799463619,1.945103244,1.292536373,30446.84957,31784.31449,32769.87032,56460222386,60532962807,63357020372,13750,14490,14920,1.1748e+11,1.23464e+11,1.29802e+11,28610,29560,30570,42.51310764,42.69921865,42.89929918,28.41937936,24.89623995,24.37925904,376,362,328,33,135,34,NA,NA,0.14714,NA,NA,4658,4462,4701,3196,2779,3100,3.9,3.89,4.74,67.365,67.709,68.059,3.2,403336,1.2,74986,94.4,76.2,58,7.3,63.6,63.7,NA,NA,65,1.7,82.2
"50","Peru",0.681704846,0.033157841,0.68302,0.03276802,0.672733333,0.03407035,0.68424,0.02981138,0.674516667,0.032602304,0.670833333,0.032558808,0.68017,0.032346784,0.677936667,0.032429551,0.683976667,0.030557802,0.679896667,0.035300561,0.684593333,0.032880817,2.95,2.84,2.141,16,42,32.9,31.8,32.93,28.79,31.2,-1.06,NA,0.418,NA,NA,NA,NA,NA,NA,NA,NA,NA,NA,NA,NA,NA,NA,NA,NA,97.44566345,96.10073853,98.7053299,103.5195694,106.9451218,113.4772263,104.6938477,106.4454117,108.8338013,70.73786163,NA,NA,2.11007e+11,2.22575e+11,2.28471e+11,2.518835442,3.96915687,2.203974749,6710.507602,6957.793411,7027.612207,0.829126309,2.197948449,0.565474348,12506.52938,13088.29584,13397.27392,1.90677e+11,2.07072e+11,2.20776e+11,6060,6470,6790,3.75166e+11,3.97768e+11,4.16829e+11,11930,12430,12820,32.42074819,32.48154342,32.465586,9.922200119,9.598626368,11.64675424,1119,1133,1122,100,89,137,NA,NA,0.12085,0.12715,NA,8073,8591,8538,18923,21381,26709,3.35,3.18,3.03,77.72,77.907,78.099,3.8,256996,3.3,1187,113.5,108.85,106.1,3.7,60,52.7,NA,NA,56.7,2.7,36.7
"51","Philippines",0.693206565,0.027817578,0.69196,0.026388045,0.702773333,0.026068785,0.69362,0.028825481,0.700996667,0.026943542,0.71509,0.024408042,0.701116667,0.023175174,0.693606667,0.025872079,0.695543333,0.029292764,0.694546667,0.029878436,0.691403333,0.028965044,7.181,7.137,7.099,32,64,32.48,31.56,36.18,35.19,35.3,-0.15,NA,0.487,NA,NA,NA,NA,NA,NA,NA,NA,NA,NA,NA,NA,NA,NA,NA,NA,108.6775284,115.4368973,105.7552567,107.5097733,101.8622208,99.14772034,86.16291046,84.04538727,89.76526642,35.47546005,NA,NA,3.28481e+11,3.46842e+11,3.76823e+11,6.930988326,6.341485571,6.118525663,3123.245642,3252.110274,3485.340844,5.396653106,4.86730873,4.680376447,8120.868793,8720.607379,9291.726915,3.71433e+11,3.95268e+11,4.16217e+11,3530,3710,3850,9.48319e+11,1.02921e+12,1.10517e+12,9020,9650,10220,14.24078067,14.27777681,14.32141581,23.1361568,21.47813021,19.09865387,3072,3771,3879,323,529,501,NA,NA,NA,NA,NA,12572,13647,14397,18584,21625,23445,2.55,2.34,2.24,46.682,46.907,47.149,2.5,66788,3,15728,99.1,89.9,72.95,0.2,43,66.5,NA,NA,67.2,2.2,67.7
"52","Poland",0.612171921,0.034983966,0.63333,0.031387178,0.608163333,0.034974645,0.60816,0.035887359,0.61526,0.033397297,0.623413333,0.034371227,0.62146,0.035651748,0.608326667,0.03761388,0.632146667,0.034790172,0.604346667,0.035046535,0.60324,0.035765347,0.719,0.477,0.239,60,64,41.99,41.67,41.31,39.95,39.9,-0.12,63.59,0.516,10,0.5,62,0.7,28,0.7,516713311771.021,544376490761.182,570206957212.269,555719976574.085,585102351863.676,4.8644811751,3.8771671454,3.2811674203,3.1578637288,2.5955590787,106.2426987,94.33351898,95.02263641,100.0158997,96.88519287,97.1727829,109.9336319,111.9701996,111.8008423,67.82743835,68.62010193,69.18402863,5.26509e+11,5.87412e+11,5.97281e+11,4.830656005,5.353703355,4.744950156,13864.68176,15468.48222,15732.20313,4.817573853,5.353914202,4.770539442,30064.50348,31978.53115,34233.31567,4.83361e+11,5.37429e+11,5.83169e+11,12730,14150,15360,1.09432e+12,1.16419e+12,1.24639e+12,28820,30660,32830,4.630833595,4.655193253,4.677757884,10.25675585,10.27427883,11.01257105,117,115,112,3924,4207,3887,3019.1146,3106.1196,1.03443,1.20953,NA,3388,3294,3277,13739,12811,13296,4.89,3.85,3.28,60.105,60.058,60.037,4.6,226850,2.2,6978,96.85,111.9,116.95,2.2,80.4,78,NA,NA,59.6,1.6,77.9
"53","Portugal",0.655601725,0.030666038,0.654453333,0.029974891,0.64405,0.027753265,0.661353333,0.032013172,0.655183333,0.031249555,0.675003333,0.024485415,0.64499,0.030079829,0.65741,0.037384644,0.659156667,0.02812422,0.646483333,0.03310797,0.64715,0.029403941,0,0,0,27,31,46.05,45.71,44.65,43.51,44.2,0.6,56.71,0.71,NA,NA,NA,NA,NA,NA,210536064665.024,216534923041.743,222344036002.087,203572737165.732,213291817311.855,9.1509508638,7.1944143967,6.6364653736,6.968383312,6.9099035133,NA,99.57019043,100.1251907,106.1831284,106.8267288,107.3928833,119.9131927,120.8339767,120.6212082,63.93581009,65.66265869,67.93070221,2.20811e+11,2.42195e+11,2.39987e+11,3.506345285,2.849325934,2.682759921,21437.3475,23551.04829,23330.81729,3.759094389,3.01412373,2.658392606,33044.71674,34931.7846,36945.14148,2.06386e+11,2.2657e+11,2.38359e+11,20040,22030,23170,3.32381e+11,3.50459e+11,3.70156e+11,32270,34080,35990,40.93867169,41.1738943,41.33573096,4.778106605,4.829583537,5.335834243,36,29,104,644,661,703,4367.73282,4537.53162,1.31928,1.34753,NA,2586,2422,2460,17822,18906,19050,8.87,6.99,6.46,64.652,65.211,65.764,5,359354,5.9,3324,106.8,120.85,124.55,9.8,75.3,59.7,NA,NA,61.3,2.1,46.9
"54","Puerto Rico",0.677579422,0.035447901,0.685446667,0.030470054,0.668233333,0.032697698,0.669983333,0.039452692,0.662953333,0.037992586,0.671923333,0.038835502,0.67637,0.03654208,0.68359,0.033916283,0.688116667,0.037156264,0.680263333,0.032386422,0.688133333,0.033768698,NA,NA,NA,NA,NA,NA,NA,NA,NA,NA,NA,NA,NA,NA,NA,NA,NA,NA,NA,NA,NA,NA,NA,NA,NA,NA,NA,NA,NA,NA,NA,NA,NA,NA,NA,NA,NA,NA,NA,NA,NA,1.03446e+11,1.00925e+11,1.04915e+11,-2.885954759,-4.147474747,1.484814635,31108.76057,31604.70151,32850.54861,-0.509099449,-0.187370305,1.474010583,34363.75463,35122.88848,36276.84236,66496592926,67329830875,70446780654,20000,21080,22060,76274336611,75280157398,78145749709,22940,23570,24470,73.89746326,76.85765499,76.75672748,NA,NA,NA,NA,NA,NA,NA,NA,NA,NA,NA,NA,NA,NA,NA,NA,NA,NA,NA,NA,10.8,9.2,8.3,93.587,93.578,93.576,6.1,595862,4.5,15727,90.9,86.65,80,8.6,77.7,56.4,NA,NA,65.5,-0.2,60.1
"55","Qatar",0.681608355,0.036502118,0.675553333,0.037769927,0.67749,0.037155495,0.680933333,0.033391514,0.685733333,0.035668256,0.681756667,0.036840071,0.67879,0.035891183,0.672406667,0.037820777,0.679166667,0.037115557,0.680266667,0.03706142,0.680633333,0.035520307,0.057,0.029,0.014,NA,NA,37.9,36.56,33.86,30.81,31.5,0.52,NA,0.255,NA,NA,NA,NA,NA,NA,NA,NA,NA,NA,NA,NA,NA,NA,NA,NA,95.66954803,95.78588104,95.02079773,103.2807388,103.8424377,103.538063,NA,NA,NA,16.62733078,17.86992073,18.9489994,1.61099e+11,1.83335e+11,1.76371e+11,-1.497604702,1.234872202,0.68824096,59124.86727,65907.94844,62276.42869,-4.040775634,-0.837914028,-1.103232409,91738.7528,93154.2349,93771.12531,1.55079e+11,1.63646e+11,1.7336e+11,56920,58830,61210,2.49312e+11,2.53832e+11,2.58927e+11,91500,91250,91430,NA,NA,NA,23.00095607,25.70452424,21.05227028,574,NA,799,19,NA,39,NA,577.34853,NA,0.50901,NA,7007,NA,7039,1117,NA,1333,0.14,0.11,0.12,99.078,99.135,99.188,2.7,238785,2.2,23350,103.6,NA,NA,77.3,99.7,58.4,NA,NA,75.8,0.5,65.2
"56","Romania",0.664338571,0.037158006,0.665536667,0.038389801,0.65794,0.039445909,0.65555,0.034003653,0.653116667,0.041548117,0.661926667,0.038890483,0.663963333,0.034746999,0.65842,0.038136479,0.647296667,0.043028744,0.657936667,0.038817437,0.66295,0.040022202,0,0,0,30,42,39.16,37.59,36.76,35.95,35.6,-0.29,45.79,0.425,NA,NA,NA,NA,NA,NA,NA,NA,NA,NA,NA,NA,NA,NA,NA,NA,NA,85.22177124,85.28923035,85.15087128,87.32537842,87.50295258,91.25939178,89.06909943,88.07028198,49.38187027,51.01253891,51.3538208,2.11695e+11,2.41457e+11,2.49882e+11,7.319448529,4.474523775,4.188260341,10807.00917,12398.98198,12899.34611,7.941558658,5.090111107,4.73858787,27141.91933,29248.80932,32323.86684,1.98111e+11,2.22576e+11,2.44428e+11,10110,11430,12620,5.24122e+11,5.59099e+11,6.17219e+11,26760,28710,31860,9.344742623,9.352895172,9.355373379,3.871278288,1.659773925,5.536845093,80,47,58,1098,1100,881,891.32124,882.44127,0.50322,0.50077,NA,2008,2297,2327,7922,8226,8586,4.93,4.19,3.91,53.936,53.998,54.084,3.1,104989,1.2,35791,87.3,89.1,89.55,3.7,73.7,38.4,NA,NA,48.6,-0.3,93.6
"57","Russia",0.62538614,0.032029116,0.628353333,0.028274504,0.616296667,0.028699393,0.623163333,0.032118331,0.615753333,0.032494153,0.651776667,0.028756669,0.632313333,0.032435226,0.611316667,0.030631943,0.630283333,0.034053635,0.615263333,0.034103967,0.62264,0.032647536,5.23,4.9,4.542,39,36,38.76,37.9,37.62,35.63,36.6,0.06,75,0.579,5,0.5,28,0.9,67,1.2,1394144197015.67,1433281246616.28,1462419604792.35,1419259599936.89,1480779422172.69,5.2010365785,4.8020091336,4.5909924412,5.7600729996,4.8407810353,NA,NA,NA,NA,NA,NA,NA,NA,NA,NA,NA,NA,NA,NA,NA,NA,NA,NA,NA,NA,NA,NA,NA,NA,NA,NA,NA,NA,NA,NA,NA,NA,NA,NA,NA,NA,NA,NA,NA,NA,NA,NA,NA,NA,NA,NA,NA,NA,NA,NA,NA,NA,NA,NA,NA,NA,NA,NA,NA,NA,NA,NA,NA,NA,NA,NA,NA,NA,NA,NA,NA,NA,NA,NA,NA,NA,NA,NA,NA,NA,NA,NA,NA
"58","Samoa",0.640877264,0.054317939,0.6384,0.057294421,0.63517,0.056908804,0.646076667,0.054410894,0.627646667,0.057938831,0.6348,0.055203645,0.63746,0.055014109,0.650336667,0.057618023,0.629706667,0.055207198,0.635436667,0.056589404,0.638973333,0.055106889,NA,NA,NA,NA,NA,NA,NA,NA,NA,NA,NA,NA,NA,NA,NA,NA,NA,NA,NA,NA,NA,NA,NA,NA,NA,NA,NA,NA,NA,107.0685577,104.7818832,108.8711395,108.5488434,110.5242081,115.1093597,NA,NA,NA,13.68476009,14.64204979,14.02355003,832025574,821286927.5,852007112.7,1.042433719,-1.233162407,4.379825545,4258.978767,4187.504729,4322.868457,0.619350401,-1.620921753,3.868764616,6489.776786,6537.875205,6912.03646,794306957.6,794642649.9,833955723.1,4070,4050,4230,1228347226,1236784754,1305043833,6290,6310,6620,NA,NA,NA,NA,NA,NA,NA,NA,1,NA,1,2,NA,NA,NA,NA,NA,119,123,446,21,28,35,8.44,8.32,8.22,18.452,18.243,18.056,4.2,183466,-0.2,64782,115.1,NA,NA,2,33.6,87,NA,NA,44.5,6.7,99.1
"59","Saudi Arabia",0.666738786,0.039916928,0.67489,0.039674647,0.6527,0.041623609,0.667116667,0.045206538,0.66641,0.039095788,0.664436667,0.043657016,0.665916667,0.037725,0.65239,0.042562433,0.662673333,0.042869672,0.667136667,0.038458346,0.65683,0.040296804,5.479,5.238,5,38,52,36.17,34.27,32.93,30.94,31.8,-0.12,NA,0.362,NA,NA,NA,NA,NA,NA,NA,NA,NA,NA,NA,NA,NA,NA,NA,NA,103.3347397,96.70606232,96.22881317,99.45812225,99.76989746,100.712738,107.6940079,110.0862808,111.7947998,69.69831848,68.03988647,70.90087891,6.88586e+11,7.86522e+11,7.92967e+11,-0.741502653,2.434110781,0.331435729,20802.46631,23337.01755,23139.79798,-2.71382745,0.605723336,-1.325032136,47306.22232,48735.4605,48948.174,6.61787e+11,7.28348e+11,7.82798e+11,19990,21610,22840,1.59022e+12,1.65862e+12,1.69409e+12,48040,49210,49440,46.5684595,47.27652993,47.51435931,15.22403483,17.40175967,19.14583199,2282,2321,2463,909,1078,1188,NA,NA,NA,NA,NA,16233,13329,14258,17092,18563,23411,5.89,6.04,6.13,83.622,83.844,84.065,5.1,250076,4.1,12914,100.75,111.7,117.6,38.6,95.7,54.3,NA,NA,64.3,-0.5,54
"60","Serbia",0.671549356,0.038824037,0.677946667,0.036135335,0.676476667,0.037894525,0.672226667,0.037991607,0.680183333,0.035509782,0.661276667,0.040582375,0.66813,0.040349565,0.666013333,0.03676414,0.665526667,0.043201661,0.667763333,0.039916542,0.68463,0.037459906,0.229,0.115,0.057,25,43,35.34,35.46,35.71,34.33,35,NA,44.14,0.484,NA,NA,NA,NA,NA,NA,NA,NA,NA,NA,NA,NA,NA,NA,NA,NA,99.03386688,98.7212677,98.6684494,100.3129272,100.3019333,99.64470673,95.49508667,95.08724213,94.47219086,66.48674011,67.15866089,67.7898407,44179055280,50640650221,51514222382,2.101163847,4.495121293,4.331734906,6292.543629,7252.401858,7417.203649,2.645985862,5.067594881,4.893094256,16611.01686,17736.0068,18944.29551,39098948224,44765251762,48889150067,5570,6410,7040,1.09093e+11,1.17542e+11,1.24484e+11,15540,16830,17920,19.69373259,19.89731911,20.06724035,-1.977908886,1.664017056,1.143414344,13,11,9,171,163,168,2079.19966,2087.21892,0.87353,0.9197,NA,4869,4982,4795,1313,1412,1298,13.48,12.73,10.4,55.942,56.092,56.26,3.6,845,2.3,4285,99.65,94.5,89.4,9.4,77.4,43.5,NA,NA,74.2,-0.4,18.2
"61","Singapore",0.657251493,0.028450255,0.671303333,0.029508239,0.646733333,0.027698812,0.647763333,0.029604288,0.66731,0.027619198,0.665826667,0.026271883,0.640013333,0.032235405,0.65888,0.027485136,0.667763333,0.026880542,0.664896667,0.024951223,0.652873333,0.028293375,0,0,0,20,48,58.69,59.63,58.37,56.61,34.5,2.23,81.6,0.896,21,0.2,29,0.3,49,0.3,NA,NA,NA,NA,NA,NA,NA,NA,NA,NA,99.25823975,99.92182922,98.07794952,100.6269531,100.2618713,100.6925812,107.5746002,105.8442993,104.7149582,84.79290771,88.88645172,91.08898926,3.43338e+11,3.75982e+11,3.74386e+11,4.520379476,3.497469601,1.345217486,61176.45636,66679.04649,65640.70795,4.427820162,3.012477443,0.192150836,95350.43567,100581.158,102573.4018,3.05668e+11,3.20865e+11,3.33047e+11,54460,56900,58390,4.94374e+11,5.01435e+11,5.1513e+11,88090,88930,90320,100,100,100,34.93182153,33.44627085,31.01270324,9321,10270,12409,1609,1575,1727,6802.53716,NA,1.92465,NA,NA,17670,19665,20061,6484,6305,6489,4.2,3.65,3.1,100,100,100,2.9,792967,0.3,23140,100.25,105.8,111.05,43.1,88.9,56.2,NA,NA,50.4,3.1,83.8
"62","Slovakia",0.624482213,0.034053759,0.609923333,0.029628559,0.62844,0.033503752,0.62892,0.03319497,0.627133333,0.036537541,0.625013333,0.035291692,0.619543333,0.035671052,0.62298,0.032899331,0.62463,0.030591679,0.60213,0.034481144,0.619563333,0.033545337,0.115,0.057,0.029,52,110,43.43,42.88,42.05,39.7,57.8,0.27,41.32,0.484,NA,NA,NA,NA,NA,NA,NA,NA,NA,NA,NA,NA,NA,NA,NA,NA,NA,NA,NA,NA,NA,NA,NA,NA,NA,NA,NA,NA,NA,NA,NA,NA,NA,NA,NA,NA,NA,NA,NA,NA,NA,NA,NA,NA,NA,NA,NA,NA,NA,NA,NA,NA,NA,NA,NA,NA,NA,NA,NA,NA,NA,NA,NA,NA,NA,NA,NA,NA,NA,NA,NA,NA,NA,NA,NA,NA,NA,NA,NA,NA,NA,NA,NA,NA,3.9,51475,4.2,7359,99.7,91.35,87.3,3.6,82.9,54.7,NA,NA,61.9,-0.1,56.1
"63","Slovenia",0.662549738,0.0350733,0.656493333,0.034326378,0.654356667,0.038300805,0.652606667,0.03367349,0.666693333,0.032683839,0.66427,0.038284031,0.668513333,0.036852893,0.663623333,0.035348751,0.66677,0.034486612,0.68019,0.032379412,0.659906667,0.033999008,0,0,0,27,19,45.8,46.87,45.25,42.91,44.1,0.37,63.59,0.822,21,0.4,54,0.4,26,0.3,46622068648.7796,48683940267.0141,50266426422.7603,48140528039.305,50991946670.7756,6.5984903823,5.1282051282,4.4482255712,5.0012138874,4.6417932815,95.69824982,97.39997101,98.55384064,100.3967438,102.0622177,103.0114365,115.6004333,114.489212,113.0262222,78.58899689,77.11312103,77.88276672,48469082710,54137142149,54178877606,4.815380632,4.422521568,3.250531336,23455.94473,26104.10279,25942.95477,4.747106183,4.044587379,2.534090905,36507.55304,38917.04712,41197.3781,45701297003,51044810356,54197185915,22120,24610,25950,74079091606,79509169202,84733492499,35850,38340,40570,NA,NA,NA,10.81281044,12.10765375,11.65701512,NA,23,NA,NA,255,NA,4479.40035,4854.56751,1.86635,1.95039,NA,NA,1468,NA,NA,1235,NA,6.56,5.11,4.45,54.273,54.541,54.822,4.8,372074,0.7,64103,102.05,114.55,126.7,13.4,83.1,70.4,NA,NA,74.2,1.7,100
"64","South Africa",0.69250766,0.031407208,0.692873333,0.027799074,0.695116667,0.032582291,0.682113333,0.028430181,0.708636667,0.030586339,0.694016667,0.033302043,0.685406667,0.030118242,0.696416667,0.028151883,0.682416667,0.031377401,0.693866667,0.026879012,0.685,0.035171605,4.263,4.511,4.258,65,63,35.8,35.13,34.04,32.67,32.7,0.33,27.82,0.564,NA,NA,NA,NA,NA,NA,354605197085.869,359880365578.639,360287223675.188,337113640120.351,354634081242.931,27.4590087952,27.1282727662,28.6930505732,29.4354451707,33.7293258212,NA,90.34449768,91.99948883,100.8647308,98.53890228,98.37447357,104.6979828,100.5111694,102.5566635,22.36602974,23.80195999,23.86655998,3.81449e+11,4.04842e+11,3.87935e+11,1.157946952,1.487617373,0.113053697,6690.939847,7005.095413,6624.761865,-0.265300653,0.113021478,-1.196091441,13860.27017,14209.09383,14289.76,3.3718e+11,3.6634e+11,3.90323e+11,5910,6340,6670,7.68263e+11,7.98281e+11,8.15895e+11,13480,13810,13930,34.87000847,35.29994366,35.58216981,1.219079646,-0.209580866,-0.754619836,6816,6258,6347,728,657,567,517.72191,NA,0.83215,NA,NA,15337,15820,15788,22381,22542,21583,27.04,26.91,28.47,65.85,66.355,66.856,6.5,105080,2.3,19256,98.5,100.55,100,4.8,56.2,59.3,NA,NA,65.1,-0.2,53.7
"65","South Korea",0.63153817,0.033267492,0.639246667,0.035044835,0.629776667,0.030806422,0.62814,0.034459325,0.631193333,0.03738736,0.64232,0.037443282,0.634726667,0.031224326,0.6037,0.039458572,0.638423333,0.033655476,0.6489,0.031659201,0.616406667,0.035665085,0.286,0.296,0.656,18,39,57.7,56.63,56.55,56.11,59.3,2.33,98.49,0.66,NA,NA,NA,NA,NA,NA,NA,NA,NA,NA,NA,NA,NA,NA,NA,NA,NA,NA,NA,NA,NA,NA,NA,NA,NA,NA,NA,NA,NA,NA,NA,NA,NA,NA,NA,NA,NA,NA,NA,NA,NA,NA,NA,NA,NA,NA,NA,NA,NA,NA,NA,NA,NA,NA,NA,NA,NA,NA,NA,NA,NA,NA,NA,NA,NA,NA,NA,NA,NA,NA,NA,NA,NA,NA,NA,NA,NA,NA,NA,NA,NA,NA,NA,NA,NA,NA,NA,NA,NA,NA,NA,NA,NA,NA,NA,NA,NA,NA,NA
"66","Spain",0.638849398,0.033188753,0.63666,0.031293001,0.637123333,0.036692409,0.63163,0.031671311,0.645183333,0.031404732,0.635283333,0.034659214,0.649056667,0.034123552,0.626273333,0.034557383,0.651003333,0.03401399,0.623616667,0.033099267,0.656833333,0.033407959,4.024,3.354,2.81,51,42,48.81,48.68,47.85,45.6,45.4,0.93,64.35,0.811,48,0.4,22,0.4,30,0.3,1268400484778.77,1297431453390.91,1324486492202.23,1181137833148.1,1233849452403.79,17.2235175652,15.2547370636,14.1041578229,15.5319167654,15.0190476542,100.5725479,98.52601624,97.44148254,102.710289,101.9893494,102.4025192,126.0045013,126.1791534,125.9452896,88.85301208,91.11257172,92.88234711,1.3093e+12,1.4203e+12,1.39305e+12,2.973641191,2.288785676,2.085191421,28100.58624,30349.7521,29555.3157,2.732360583,1.841757858,1.357962949,39528.92539,40686.98547,42172.13171,1.26142e+12,1.37008e+12,1.43036e+12,27070,29280,30350,1.84247e+12,1.9068e+12,1.99201e+12,39540,40750,42260,25.3784691,25.62355663,25.67210712,10.11308772,10.39624953,10.76434496,176,149,159,2167,1525,1288,2855.74562,3000.8872,1.21041,1.24323,NA,4427,4540,4585,50651,50834,49116,17.22,15.26,14.1,80.08,80.321,80.565,4.2,54174,3.2,26062,102,126.2,129.95,14.6,90.7,57.8,NA,NA,64.7,0.7,54.5
"67","Sri Lanka",0.72278929,0.031558574,0.728126667,0.029628626,0.72665,0.031203747,0.71544,0.035185297,0.719156667,0.032199517,0.72313,0.033147358,0.7199,0.03059397,0.716653333,0.032404682,0.721673333,0.033322147,0.710823333,0.030515203,0.718953333,0.033817697,4.048,3.569,6.065,NA,NA,29.85,28.66,28.45,23.78,25.1,-0.56,NA,0.255,NA,NA,NA,NA,NA,NA,NA,NA,NA,NA,NA,NA,NA,NA,NA,NA,102.3903809,NA,99.2629776,100.6327133,100.1620178,100.2300568,98.02662659,100.3352203,NA,18.9611702,19.63023949,21.12770081,87428128124,87963042341,83990946939,3.578169679,3.272000479,2.255176529,4077.043841,4059.20823,3852.265603,2.414098662,2.194959772,1.631411979,12584.10479,13169.0947,13622.86045,83014050622,87457286273,87510880546,3870,4040,4010,2.62709e+11,2.77594e+11,2.88468e+11,12250,12810,13230,NA,NA,NA,23.12936646,20.84094466,18.62166218,266,260,255,277,343,356,106.39893,NA,0.12758,NA,NA,NA,4127,3709,NA,7356,6676,4.05,4.32,4.27,18.384,18.476,18.585,2.1,351431,0.2,6001,100.15,100.3,100.25,0.2,34.1,56,NA,NA,68.7,2.2,66.4
"68","Sweden",0.631606236,0.033367157,0.630713333,0.035925583,0.63446,0.035189868,0.637813333,0.032527129,0.629436667,0.036201056,0.62312,0.031267317,0.62933,0.027500683,0.629423333,0.032232452,0.625173333,0.033017408,0.64167,0.032065004,0.6218,0.035696548,3.936,3.45,2.892,71,5,63.82,63.08,63.65,62.47,63.1,0.21,83.51,0.915,18,0.6,49,0.8,33,0.6,529134623505.185,539933177602.644,550881856186.419,534693521835.825,557814977158.87,6.6712314761,6.3283791483,6.7812371737,8.3118713215,8.8105024052,105.3862762,104.1240463,105.0860825,126.5753784,128.6435394,126.1641312,152.8606873,151.7045441,146.2463226,66.9882431,72.46116638,77.32910919,5.41019e+11,5.55455e+11,5.3388e+11,2.567924525,1.950022846,1.986195874,53791.50873,54589.06039,51939.42974,1.195147571,0.772577449,0.957561656,51947.95425,53553.31245,55337.87456,5.33339e+11,5.66178e+11,5.7981e+11,53030,55640,56410,5.31543e+11,5.55218e+11,5.85378e+11,52850,54570,56950,15.44269872,15.55709787,15.64407703,18.23879274,17.92342684,18.58049412,305,442,388,1992,1838,1802,7383.41927,7536.47495,3.36279,3.31278,NA,1994,1924,1982,8649,7289,7739,6.72,6.37,6.83,87.146,87.431,87.708,7.6,1393491,2,29816,128.7,151.85,185.15,19.8,94.5,57.2,NA,NA,74.5,0.1,80.3
"69","Switzerland",0.646288258,0.030318985,0.665646667,0.027147293,0.651026667,0.028776976,0.641936667,0.033048568,0.646216667,0.028986732,0.655286667,0.030019095,0.653406667,0.027082309,0.653876667,0.031357346,0.651656667,0.028440962,0.67036,0.031766546,0.648173333,0.030862184,0.134,0.191,0.286,67,65,67.69,68.4,67.24,66.08,65.5,1.9,72.73,0.822,NA,NA,NA,NA,NA,NA,728327730914.888,749750794623.597,759085800987.637,740062205167.195,761730572620.251,4.7938507931,4.7234193738,4.3887362443,4.8314324939,5.12728257,97.15868378,96.21008301,96.36173248,105.1906815,105.4764709,105.7872772,102.4874268,102.5706787,102.3407822,59.56298828,61.37744904,63.30805969,7.04479e+11,7.35539e+11,7.31767e+11,1.584819616,2.916905098,1.210992207,83352.08865,86388.40495,85334.51946,0.641284066,2.161569653,0.491609145,69103.57026,71671.51508,73143.75816,6.92044e+11,7.09064e+11,7.22539e+11,81880,83280,84260,5.76143e+11,5.85836e+11,6.04681e+11,68170,68810,70510,16.04428148,16.09967151,16.12882611,13.10961587,16.29098734,17.35805275,291,332,348,1337,1283,1369,5450.4318,NA,3.36798,NA,NA,18572,19225,19897,12715,12774,12644,4.8,4.71,4.39,73.761,73.797,73.849,5.1,84009,2.3,3940,105.45,102.5,100.9,28.8,93.1,53.7,NA,NA,62.6,0.5,18.5
"70","Taiwan",0.657022907,0.025415553,0.66786,0.024194857,0.649086667,0.028624715,0.663586667,0.022720504,0.65889,0.024099275,0.659233333,0.024123062,0.65507,0.026308273,0.66269,0.026507171,0.668866667,0.025756337,0.654336667,0.028056284,0.64666,0.024459014,0.943,1.008,0.607,17,45,NA,NA,NA,NA,NA,NA,NA,NA,NA,NA,NA,NA,NA,NA,NA,NA,NA,NA,NA,NA,NA,NA,NA,NA,NA,NA,NA,NA,NA,NA,NA,NA,NA,NA,NA,NA,NA,NA,NA,NA,NA,NA,NA,NA,NA,NA,NA,NA,NA,NA,NA,NA,NA,NA,NA,NA,NA,NA,NA,NA,NA,NA,NA,NA,NA,NA,NA,NA,NA,NA,NA,NA,NA,NA,NA,NA,NA,NA,NA,NA,NA,NA,NA,NA,NA,NA,NA,NA,NA,NA,NA,NA,NA,NA,NA,NA,NA,NA,NA,NA,NA,NA,NA,NA,NA,NA,NA
"71","Thailand",0.641892241,0.028626491,0.642973333,0.02815216,0.639363333,0.029834928,0.628223333,0.033696408,0.641786667,0.030728904,0.627786667,0.027946844,0.63732,0.027093422,0.621,0.028874803,0.641036667,0.029761527,0.64813,0.031714562,0.649186667,0.026510781,6.252,6.029,5.783,20,34,37.57,38,38.63,36.68,37.2,0.06,33.94,0.365,NA,NA,NA,NA,NA,NA,NA,NA,NA,NA,NA,NA,NA,NA,NA,NA,93.4525528,93.42047119,94.41137695,99.62503052,99.77436066,101.0526733,116.7339401,117.7388077,115.1526566,NA,NA,NA,4.56357e+11,5.06611e+11,5.44264e+11,4.177681032,4.189585496,2.266433672,6593.818352,7296.879608,7817.009671,3.818674251,3.861482289,1.976892457,17422.95235,18530.21179,19233.86592,4.12965e+11,4.5859e+11,5.05161e+11,5970,6610,7260,1.15182e+12,1.22419e+12,1.28984e+12,16640,17630,18530,19.63583577,20.05523269,20.35277953,15.33773785,14.71203791,14.7641983,6886,7245,7351,979,904,821,1350.34325,NA,1.00179,NA,NA,16818,25986,20698,26511,28141,26701,0.83,0.77,0.72,49.2,49.949,50.692,4.1,530884,1.3,52896,101.05,115.15,110.85,5.2,66.7,64.6,NA,NA,73.4,1.1,87.4
"72","Trinidad and Tobago",0.660883495,0.034014196,0.651853333,0.035244159,0.663703333,0.033827574,0.661303333,0.032714707,0.652336667,0.036245883,0.66418,0.034205921,0.662783333,0.035413662,0.667983333,0.03332494,0.660853333,0.03422337,0.659103333,0.034875411,0.653703333,0.034424537,0.124,0.019,0.162,16,58,29.75,26.95,28.08,24.14,24.8,NA,NA,0.433,NA,NA,NA,NA,NA,NA,NA,NA,NA,NA,NA,NA,NA,NA,NA,NA,NA,NA,NA,NA,NA,NA,NA,NA,NA,NA,NA,NA,22385426654,23679919655,23208326548,-2.987340197,0.066049775,-1.246427336,16173.74005,17037.86236,16637.16294,-3.442733208,-0.350171817,-1.60945212,26342.61666,26880.63872,26920.14473,22123212786,22222187530,23123873428,15980,15990,16580,36737623978,36303551330,37271330923,26540,26120,26720,NA,NA,NA,NA,NA,NA,171,135,112,NA,4,1,517.31899,566.97051,0.09112,0.08399,NA,1006,994,886,322,346,389,3.3,3.4,3.46,53.205,53.184,53.187,3.1,731425,1.1,85135,106.2,NA,NA,5.6,77.3,68.1,NA,NA,73.8,1.2,73.8
"73","Turkey",0.633025587,0.033928279,0.620653333,0.034771003,0.631103333,0.037650521,0.63241,0.034333193,0.620823333,0.031222768,0.63165,0.035516335,0.62992,0.040813652,0.637506667,0.032723796,0.624906667,0.035529362,0.64091,0.034986564,0.627883333,0.031623542,7.036,6.533,6.11,37,45,38.9,37.42,36.95,34.9,38.3,-0.21,49.08,0.348,68,0.4,18,0.4,14,0.3,962707403641.985,991394979706.892,1000214282329.22,1018153639554.79,1110149773184.08,10.9175955151,10.9466965529,13.7137070413,13.1333347778,12.2183511234,89.74890137,88.52777863,90.84677124,93.15498352,94.9104538,97.05747223,105.9922714,104.4788284,104.1150818,NA,113.2170715,115.0420609,8.58996e+11,7.78472e+11,7.61004e+11,7.501997489,2.979885235,0.889585161,10589.66772,9454.348443,9121.515167,5.794264413,1.449522518,-0.427943737,27913.81872,27946.36185,27303.22897,8.90156e+11,8.65754e+11,8.08443e+11,10970,10510,9690,2.23503e+12,2.26579e+12,2.23945e+12,27550,27520,26840,36.80375513,36.84623007,36.96140268,12.75873384,15.48465257,12.48645113,380,310,217,8175,7156,7871,1379.41194,NA,0.95978,NA,NA,13209,14071,13919,106099,105549,119411,10.82,10.89,13.67,74.644,75.143,75.63,2.8,542017,2.4,7785,94.9,104.45,104.95,7.2,74,67,NA,NA,56.2,2.1,49.9
"74","Ukraine",0.626929664,0.035388757,0.637423333,0.034504847,0.615933333,0.031802591,0.624263333,0.036734241,0.631653333,0.033822361,0.624813333,0.04003648,0.632226667,0.035385601,0.631266667,0.033311688,0.616006667,0.03838796,0.627206667,0.035020813,0.64011,0.03366058,6.048,5.547,4.692,NA,NA,37.62,38.52,37.4,36.32,35.6,-0.45,50.06,0.518,NA,NA,NA,NA,NA,NA,NA,NA,NA,NA,NA,NA,NA,NA,NA,NA,NA,NA,NA,NA,NA,NA,NA,NA,NA,NA,NA,NA,1.12091e+11,1.30891e+11,1.53883e+11,2.359972281,3.488362342,3.199503862,2640.675677,3096.817402,3662.563087,2.9171754,3.932894949,3.815824772,11871.12362,12634.23555,13350.48232,1.00202e+11,1.16378e+11,1.39085e+11,2380,2800,3370,5.11217e+11,5.39196e+11,5.67893e+11,12140,12960,13750,12.0115228,12.1100024,12.20192905,3.19444931,1.212501076,-1.273250225,1764,1861,1755,2283,2107,2097,994.07744,988.07663,0.44839,0.47109,NA,10558,10701,10970,26276,27330,29829,9.51,8.8,8.19,69.246,69.352,69.473,5.4,23209,-1.2,16637,99.05,95.95,92.8,11.4,62.6,59.5,NA,NA,58.1,0.2,53.2
"75","United Arab Emirates",0.692501756,0.035863501,0.70215,0.039290723,0.70388,0.035096741,0.70499,0.02896005,0.709056667,0.03329002,0.663793333,0.039628365,0.71009,0.037532932,0.70066,0.033462239,0.687426667,0.034535148,0.67156,0.036985177,0.713333333,0.034359119,0.105,0.048,0,38,53,43.24,42.58,42.17,41.79,43,NA,NA,NA,NA,NA,NA,NA,NA,NA,NA,NA,NA,NA,NA,NA,NA,NA,NA,NA,NA,NA,111.9388199,108.3970566,NA,114.4123611,104.9479294,NA,102.160347,NA,NA,52.60697937,3.85606e+11,4.22215e+11,4.17216e+11,2.373551057,1.189855642,3.411538686,40644.79119,43839.32449,42701.44305,1.011430774,-0.320590314,1.934431483,67183.60531,68576.11552,71150.54214,3.72656e+11,3.99412e+11,4.28223e+11,39280,41470,43830,6.41976e+11,6.62682e+11,6.98626e+11,67670,68810,71500,57.54527729,59.97242644,60.52967875,NA,NA,NA,1748,1727,1846,52,56,58,NA,2378.88895,NA,1.27836,NA,12967,13739,13179,6075,4711,5507,2.46,2.23,2.28,86.248,86.522,86.789,3.1,761426,0.9,9127,114.4,102.15,100.05,88.1,99.2,52.7,NA,NA,62.7,2.4,75.1
"76","United Kingdom",0.64793485,0.034873608,0.659146667,0.036454968,0.654096667,0.034617512,0.64657,0.040702768,0.640756667,0.035893977,0.650533333,0.040863159,0.650093333,0.03520771,0.64379,0.036455518,0.65664,0.031201622,0.64768,0.034577108,0.633516667,0.041468371,5.61,5.405,5.161,89,66,60.89,60.13,61.3,59.78,59.8,1.42,79.5,0.881,NA,NA,NA,NA,NA,NA,3088511150975.15,3139500167745.17,3191990859605.21,2882565116716.42,3082077548580.46,4.4023469243,4.080516274,3.8279686549,4.5489557429,4.5389422479,100.1228638,100.5974579,101.5946884,101.1545563,100.9955521,100.4914627,125.8518677,120.783577,118.73629,59.99557114,61.38288879,65.77336121,2.69902e+12,2.90079e+12,2.87867e+12,2.134453093,1.650925496,1.671944197,40857.75558,43646.95197,43070.49836,1.442929368,1.036855219,1.099995912,46372.3866,47863.2227,49333.71247,2.76668e+12,2.81887e+12,2.9049e+12,41880,42410,43460,3.02358e+12,3.13634e+12,3.27819e+12,45770,47190,49050,26.71268361,26.83045848,26.9586882,3.637215194,2.919434205,NA,8771,8076,7189,13301,12865,12061,4341.15124,4603.31022,1.68022,1.70274,NA,20598,28120,36892,63158,66833,68782,4.33,4,3.74,83.143,83.398,83.652,5.4,153781,3.2,3496,100.95,120.85,122.55,13.8,92.5,53.9,NA,NA,63.3,-0.4,69.4
"77","United States",0.669493845,0.032040608,0.670633333,0.035567885,0.67555,0.035420656,0.67415,0.028188797,0.661393333,0.032858259,0.664896667,0.0342782,0.66306,0.038184231,0.674716667,0.033360966,0.672286667,0.030704466,0.669916667,0.034748719,0.672883333,0.033055756,6.066,5.691,5.26,98,62,61.4,59.81,61.73,60.56,61.3,1.88,84.13,0.95,10,0.5,50,0.7,40,0.6,18926865831334.8,19479313865558.2,19925169875441.1,19246799723470.6,20316817108568.5,4.355360942,3.8959810291,3.6697514177,8.0551567965,5.4393632894,98.8321991,100.0926971,100.4890518,101.8214417,101.2565613,100.9813004,98.95233917,99.27558136,100.0634308,88.16738892,88.29917908,87.88871002,1.9543e+13,2.06119e+13,2.14332e+13,2.332679395,2.996464352,2.161176515,60109.65573,63064.41841,65279.52903,1.687321406,2.455679199,1.697011299,60109.65573,63064.41841,65279.52903,1.92611e+13,2.07509e+13,2.16591e+13,59240,63490,65970,1.98931e+13,2.09468e+13,2.17086e+13,61190,64090,66120,45.98061194,46.30452605,46.47373339,5.864293495,5.760302542,5.77951558,313052,312046,336340,293904,285095,285113,4412.43542,NA,2.81741,2.83283,NA,117716,122683,140906,330498,342150,351823,4.36,3.9,3.67,82.058,82.256,82.459,NA,NA,NA,NA,NA,NA,NA,NA,NA,NA,NA,NA,NA,NA,NA
"78","Uruguay",0.616446328,0.035508225,0.61731,0.035384562,0.620923333,0.033731034,0.61286,0.035564937,0.610186667,0.034066299,0.617496667,0.035161408,0.616943333,0.034617632,0.613056667,0.035490937,0.622036667,0.034586249,0.62046,0.034585888,0.615916667,0.035083154,0.344,0.172,0.086,36,38,34.53,34.2,34.32,30.84,32.2,-0.95,NA,0.688,NA,NA,NA,NA,NA,NA,NA,NA,NA,NA,NA,NA,NA,NA,NA,NA,98.69988251,103.2246475,NA,108.4594421,106.0172272,104.3050385,120.2243118,121.176239,123.0038223,63.12577057,97.44525146,102.6449585,64233966861,64515038268,61231149881,1.627753973,0.477907184,0.350447153,18690.89384,18703.86029,17688.01501,1.257929132,0.109558006,-0.010198984,23009.87423,23588.15139,24006.78694,54706373688,59582046587,61497648545,15920,17270,17760,74689884398,76754352827,79086764616,21730,22250,22850,50.25526349,50.35787075,50.3996411,7.074331888,6.552795414,8.131435166,500,NA,NA,23,NA,NA,690.7908,696.37621,0.48393,0.41865,NA,3282,3109,2968,2263,2284,2512,7.89,8.34,9.35,95.24,95.334,95.426,5,421142,1.7,43103,106,121.3,116.8,3.1,77.4,82.2,NA,NA,53.1,2.4,86.5
"79","Venezuela",0.6497151,0.036625896,0.644986667,0.037230114,0.652206667,0.037072178,0.64155,0.038325158,0.645726667,0.035821711,0.644513333,0.037388639,0.656843333,0.035461564,0.653233333,0.036455986,0.647103333,0.036656856,0.658593333,0.036236623,0.648503333,0.034337482,3.665,4.101,3.658,12,73,NA,NA,NA,NA,NA,-1.37,NA,0.466,NA,NA,NA,NA,NA,NA,NA,NA,NA,NA,NA,NA,NA,NA,NA,NA,NA,NA,NA,NA,NA,NA,NA,NA,NA,NA,NA,NA,NA,NA,NA,NA,NA,NA,NA,NA,NA,NA,NA,NA,NA,NA,NA,NA,NA,NA,NA,NA,NA,NA,NA,NA,NA,NA,NA,NA,NA,NA,NA,NA,NA,NA,NA,NA,NA,NA,NA,NA,NA,NA,NA,NA,NA,NA,NA,NA,NA,NA,NA,NA,NA,NA,NA,NA,NA,NA,NA,NA,NA,NA,NA,NA,NA,NA,NA,NA,NA,NA,NA
"80","Vietnam",0.639305902,0.032794895,0.631483333,0.033894913,0.63806,0.03221821,0.651363333,0.032872112,0.652586667,0.028948223,0.62483,0.032591125,0.643326667,0.033024214,0.631196667,0.033922212,0.650376667,0.031941312,0.6362,0.031642274,0.622986667,0.03559319,0.663,0.999,0.42,20,40,38.34,37.94,38.84,37.12,37,-0.65,NA,0.377,NA,NA,NA,NA,NA,NA,NA,NA,NA,NA,NA,NA,NA,NA,NA,NA,NA,110.0212097,NA,109.1508331,110.5948105,115.435173,NA,NA,NA,NA,NA,28.63998032,2.2378e+11,2.45214e+11,2.61921e+11,6.81224566,7.075788617,7.017434882,2365.521615,2566.447487,2715.27598,5.728088412,6.016398379,6.001036651,7155.443187,7768.080218,8381.23932,2.00677e+11,2.27205e+11,2.47825e+11,2120,2380,2570,6.25494e+11,6.94324e+11,7.56622e+11,6610,7270,7840,16.36945533,16.90939645,17.34938345,9.250948075,9.862457385,9.414697915,4790,5425,6800,592,646,720,707.74357,NA,0.52674,NA,NA,15216,16961,18450,35520,37476,43652,1.87,1.16,2.04,35.213,35.919,36.628,NA,NA,NA,NA,NA,NA,NA,NA,NA,NA,NA,NA,NA,NA,NA
