Country Name,Country Code,Indicator Name,2015,2016,2017,2018,2019,2020,2021
Aruba,ABW,GDP per capita (current US$),28421.38649,28451.27374,29326.70806,30220.59452,31650.76054,24487.86356,29342.10086
Africa Eastern and Southern,AFE,GDP per capita (current US$),1538.552268,1443.692371,1628.586788,1564.73434,1512.270553,1363.540741,1549.77273
Afghanistan,AFG,GDP per capita (current US$),592.4765375,520.252064,530.1498308,502.0567706,500.5226641,516.8665522,368.7546142
Africa Western and Central,AFW,GDP per capita (current US$),1876.623483,1645.023767,1585.91193,1731.311792,1749.303317,1683.436391,1757.030626
Angola,AGO,GDP per capita (current US$),3100.830685,1709.515534,2283.214233,2487.500996,2142.238757,1603.993477,1953.533757
Albania,ALB,GDP per capita (current US$),3952.802538,4124.05539,4531.019374,5287.663694,5396.215864,5332.160475,6492.872012
Andorra,AND,GDP per capita (current US$),38885.37601,39932.16449,40632.48439,42903.44358,41327.50203,37207.49386,42137.32727
Arab World,ARB,GDP per capita (current US$),6245.787785,6062.681557,6132.428354,6474.29534,6384.066321,5545.455246,6271.319001
United Arab Emirates,ARE,GDP per capita (current US$),41525.1389,41054.53957,43063.96748,46722.26872,45376.17084,37629.17417,44315.55418
Argentina,ARG,GDP per capita (current US$),13789.06042,12790.24247,14613.04182,11795.15939,9963.672506,8496.424142,10636.1202
Armenia,ARM,GDP per capita (current US$),3666.141876,3679.951972,4041.995021,4391.923697,4828.505178,4505.867364,4966.513471
American Samoa,ASM,GDP per capita (current US$),13101.54182,13300.82461,12372.88478,13195.9359,13672.57666,15501.52634,15743.31076
Antigua and Barbuda,ATG,GDP per capita (current US$),14861.88271,15862.65166,16110.55628,17527.16963,18319.45605,14787.63578,15781.3957
Australia,AUS,GDP per capita (current US$),56710.44572,49875.56514,53936.14025,57207.87151,54941.43418,51720.37076,60443.10916
Austria,AUT,GDP per capita (current US$),44195.81759,45307.58786,47429.15846,51466.55656,50070.40335,48809.22688,53637.70571
Azerbaijan,AZE,GDP per capita (current US$),5500.310382,3880.738731,4147.089716,4739.84171,4805.753718,4229.910649,5387.997975
Burundi,BDI,GDP per capita (current US$),289.3596333,242.0656705,243.1358094,231.4464765,216.9729681,216.8267413,221.4776762
Belgium,BEL,GDP per capita (current US$),41008.29672,42012.62272,44198.48239,47544.98115,46638.68131,45517.79493,51247.01435
Benin,BEN,GDP per capita (current US$),1041.652523,1049.820303,1095.274459,1194.438214,1170.965533,1237.949295,1319.154995
Burkina Faso,BFA,GDP per capita (current US$),632.1266837,665.7863455,711.1846047,779.2027097,772.1668949,833.2443426,893.0771558
Bangladesh,BGD,GDP per capita (current US$),1236.00506,1659.961605,1815.609426,1963.411855,2122.078851,2233.305524,2457.92488
Bulgaria,BGR,GDP per capita (current US$),7074.681023,7569.478815,8366.293221,9446.717094,9879.334343,10129.81296,12221.49661
Bahrain,BHR,GDP per capita (current US$),22795.44886,22867.18112,24349.90987,25415.84662,25869.11291,23501.91946,26562.96914
"Bahamas, The",BHS,GDP per capita (current US$),30206.24043,29887.16488,30969.8762,31738.26716,32610.48505,23862.71099,27478.38963
Bosnia and Herzegovina,BIH,GDP per capita (current US$),4599.901029,4858.775926,5255.807058,5936.101502,6011.370671,6012.062767,7143.310548
Belarus,BLR,GDP per capita (current US$),5967.052204,5039.681886,5785.670673,6360.062473,6837.717826,6542.797491,7302.257794
Belize,BLZ,GDP per capita (current US$),6142.478833,6148.706961,6100.994681,6059.162553,6210.565543,5266.87616,6228.267309
Bermuda,BMU,GDP per capita (current US$),102005.6256,106885.8785,111820.5815,113050.7369,116153.1661,107791.8864,114090.3283
Bolivia,BOL,GDP per capita (current US$),2975.648811,3013.502708,3280.008213,3471.006951,3472.380831,3068.812555,3345.196589
Brazil,BRA,GDP per capita (current US$),8783.225984,8680.768792,9896.684783,9121.083403,8845.259118,6794.489159,7507.160971
Barbados,BRB,GDP per capita (current US$),16990.21947,17343.72544,17843.19793,18224.89059,19002.96238,16643.80658,17225.4623
Brunei Darussalam,BRN,GDP per capita (current US$),30681.67944,26762.94565,28186.80303,31241.45396,30748.73749,27179.41199,31449.07656
Bhutan,BTN,GDP per capita (current US$),2695.638773,2879.547121,3240.704766,3210.706269,3303.964211,3009.924171,3266.364905
Botswana,BWA,GDP per capita (current US$),5869.732943,6411.527159,6705.351862,6947.800812,6679.167674,5863.203241,6805.221274
Central African Republic,CAF,GDP per capita (current US$),351.8797536,372.1354655,414.7402866,435.9322636,426.4087626,435.4692516,461.1374902
Canada,CAN,GDP per capita (current US$),43596.13554,42315.60371,45129.4293,46548.63841,46328.67184,43258.26387,51987.93905
Central Europe and the Baltics,CEB,GDP per capita (current US$),12520.33649,12781.93211,14224.85778,16086.31826,16358.47415,16293.80003,18751.02651
Switzerland,CHE,GDP per capita (current US$),83806.4476,82153.07454,82254.37693,85217.36915,84121.93103,85656.32267,91991.60046
Channel Islands,CHI,GDP per capita (current US$),,,,,,,
Chile,CHL,GDP per capita (current US$),13569.9478,13785.68833,15045.52768,15795.70846,14631.94688,13094.45953,16265.09598
China,CHN,GDP per capita (current US$),8016.431435,8094.363367,8816.986905,9905.342004,10143.8382,10408.66976,12556.33312
Cote d'Ivoire,CIV,GDP per capita (current US$),1941.566336,1980.878142,2076.148,2275.49595,2238.811005,2288.119498,2549.041297
Cameroon,CMR,GDP per capita (current US$),1399.675331,1426.065517,1479.862349,1594.05999,1538.687947,1539.130559,1666.932734
"Congo, Dem. Rep.",COD,GDP per capita (current US$),482.0645483,456.0279312,451.0890984,546.2125939,575.8827908,524.6666754,577.2092152
"Congo, Rep.",COG,GDP per capita (current US$),2347.818499,1970.250249,2088.500117,2512.383979,2288.808138,1838.448139,2290.382891
Colombia,COL,GDP per capita (current US$),6228.426299,5938.463856,6450.319585,6782.03792,6438.060183,5307.215228,6104.136709
Comoros,COM,GDP per capita (current US$),1322.936695,1357.266263,1414.586566,1531.337972,1510.797358,1519.586823,1577.471027
Cabo Verde,CPV,GDP per capita (current US$),2891.884482,2978.19942,3132.621798,3442.742003,3434.562745,2924.101807,3293.233054
Costa Rica,CRI,GDP per capita (current US$),11529.95453,11899.81326,12118.13341,12383.14997,12669.34107,12132.87688,12472.44373
Caribbean small states,CSS,GDP per capita (current US$),10473.83445,9781.008816,10075.83072,10353.11645,10429.33204,8851.424959,10063.6913
Cuba,CUB,GDP per capita (current US$),7683.757891,8055.889907,8543.360968,8831.907222,9139.415856,9499.590202,
Curacao,CUW,GDP per capita (current US$),19260.26985,18881.83062,18788.80728,18956.09797,19024.17715,16109.86175,17717.59648
Cayman Islands,CYM,GDP per capita (current US$),77298.62806,78861.11927,81258.03776,85234.84272,89871.91314,83329.45877,86568.76964
Cyprus,CYP,GDP per capita (current US$),23487.125,24715.73047,26697.17188,29418.93555,29417.13867,28036.18945,31551.81641
Czechia,CZE,GDP per capita (current US$),17829.69832,18575.23203,20636.19995,23424.48046,23664.84786,22992.87938,26821.24523
Germany,DEU,GDP per capita (current US$),41103.25644,42136.12079,44652.58917,47939.27829,46793.68676,46772.82535,51203.55447
Djibouti,DJI,GDP per capita (current US$),2409.311902,2545.738799,2655.73322,2755.838293,2876.043664,2917.996281,3150.436729
Dominica,DMA,GDP per capita (current US$),7724.042411,8223.04145,7408.091301,7833.195013,8561.587011,7003.469891,7653.17187
Denmark,DNK,GDP per capita (current US$),53254.85637,54663.99837,57610.09818,61591.92887,59592.98069,60915.4244,68007.75667
Dominican Republic,DOM,GDP per capita (current US$),6838.936594,7191.076572,7513.491343,7947.158207,8173.338007,7167.919159,8476.752157
Algeria,DZA,GDP per capita (current US$),4197.421361,3967.199451,4134.93672,4171.795011,4022.150184,3337.252512,3690.627878
East Asia & Pacific (excluding high income),EAP,GDP per capita (current US$),6501.868829,6591.282343,7149.207647,7944.551234,8169.167837,8262.479253,9771.648206
Early-demographic dividend,EAR,GDP per capita (current US$),3199.519646,3257.901212,3472.697624,3467.178198,3489.17025,3215.092925,3703.900123
East Asia & Pacific,EAS,GDP per capita (current US$),9586.901027,9854.946329,10452.71904,11310.49888,11482.53168,11475.46251,13041.78119
Europe & Central Asia (excluding high income),ECA,GDP per capita (current US$),7458.335046,7044.336289,7864.645065,7994.780168,8129.886017,7441.465307,8758.938553
Europe & Central Asia,ECS,GDP per capita (current US$),22556.57364,22379.64835,23643.40045,25243.79473,24870.26199,23984.27873,27152.47123
Ecuador,ECU,GDP per capita (current US$),6130.586676,6079.088736,6246.404252,6321.349401,6233.258167,5645.19929,5965.132871
"Egypt, Arab Rep.",EGY,GDP per capita (current US$),3370.382447,3331.612461,2315.896627,2407.086543,2869.576588,3398.801432,3698.834981
Euro area,EMU,GDP per capita (current US$),34388.81001,35164.06706,37157.11326,40045.56602,39182.54834,38159.72991,42450.15377
Eritrea,ERI,GDP per capita (current US$),,,,,,,
Spain,ESP,GDP per capita (current US$),25754.36103,26537.15949,28185.32137,30379.72111,29581.51855,26959.67544,30103.51373
Estonia,EST,GDP per capita (current US$),17402.03761,18295.34293,20437.76538,23165.84948,23424.48471,23595.24368,27943.70122
Ethiopia,ETH,GDP per capita (current US$),630.3126821,705.616305,755.7517677,758.2990596,840.4494515,918.6525941,925.077428
European Union,EUU,GDP per capita (current US$),30484.52789,31175.15052,33089.22846,35751.21997,35079.46915,34330.36653,38411.06278
Fragile and conflict affected situations,FCS,GDP per capita (current US$),1891.182273,1744.358329,1805.537597,1858.132956,1884.581577,1716.216385,1796.396294
Finland,FIN,GDP per capita (current US$),42801.90812,43814.02651,46412.13648,49987.62616,48629.85823,49170.75215,53654.7503
Fiji,FJI,GDP per capita (current US$),5105.262627,5368.42324,5825.129207,6073.336388,5968.300559,4864.117047,4646.612723
France,FRA,GDP per capita (current US$),36652.92231,37062.53357,38781.04949,41557.85486,40494.89829,39055.28293,43658.97898
Faroe Islands,FRO,GDP per capita (current US$),52726.74224,56834.06851,59328.17477,62576.98993,63383.19615,61980.29002,69010.3098
"Micronesia, Fed. Sts.",FSM,GDP per capita (current US$),2891.322103,3022.653627,3320.354976,3623.329337,3699.081514,3639.412699,3571.336769
Gabon,GAB,GDP per capita (current US$),7090.45461,6722.198393,6975.695793,7694.906045,7523.862278,6680.08267,8635.325694
United Kingdom,GBR,GDP per capita (current US$),45071.07432,41146.07736,40621.33448,43306.3083,42747.08046,40318.55757,46510.28278
Georgia,GEO,GDP per capita (current US$),4014.185944,4062.169888,4357.000936,4722.042423,4696.150586,4255.742993,5023.27438
Ghana,GHA,GDP per capita (current US$),1711.290666,1900.405937,1998.73798,2180.04157,2167.911589,2176.579459,2363.299296
Gibraltar,GIB,GDP per capita (current US$),,,,,,,
Guinea,GIN,GDP per capita (current US$),756.4255941,720.4732536,843.4642789,944.4172662,1043.899882,1073.659337,1189.175999
"Gambia, The",GMB,GDP per capita (current US$),611.6713342,640.6766789,632.0011462,683.3243631,722.8747931,704.029916,772.1523951
Guinea-Bissau,GNB,GDP per capita (current US$),585.9570106,642.6664064,718.2457991,781.6443091,730.6114487,710.2581385,795.1185693
Equatorial Guinea,GNQ,GDP per capita (current US$),9788.983771,8035.30787,8410.39725,8719.186217,7317.390189,6327.599012,7506.667523
Greece,GRC,GDP per capita (current US$),18083.87791,17923.96681,18582.08934,19756.99046,19144.28439,17658.9473,20192.5963
Grenada,GRD,GDP per capita (current US$),8379.621847,8849.513535,9309.230667,9574.279873,9887.920742,8437.566732,9010.572245
Greenland,GRL,GDP per capita (current US$),44536.40131,48181.87419,50766.59942,54545.29998,53256.24409,54571.20916,
Guatemala,GTM,GDP per capita (current US$),3994.636913,4173.301666,4454.04815,4485.731255,4647.693347,4604.576679,5025.542291
Guam,GUM,GDP per capita (current US$),34522.37793,35052.80791,35663.02504,35902.7259,37752.63308,34780.86166,35904.86355
Guyana,GUY,GDP per capita (current US$),5668.429765,5905.380196,6220.978568,6094.908859,6477.296726,6863.074346,9998.544311
High income,HIC,GDP per capita (current US$),39819.18787,40441.43896,42081.11098,44527.61041,44723.92894,43415.67668,48225.24121
"Hong Kong SAR, China",HKG,GDP per capita (current US$),42431.88828,43733.91636,46160.42979,48537.56689,48356.0635,46107.76528,49800.54241
Honduras,HND,GDP per capita (current US$),2257.222712,2295.538079,2403.304451,2457.688921,2519.370194,2354.119614,2771.717461
Heavily indebted poor countries (HIPC),HPC,GDP per capita (current US$),953.1767609,973.2160945,1049.363575,972.3160176,978.4946479,958.4398618,1035.701648
Croatia,HRV,GDP per capita (current US$),11952.31118,12552.25538,13655.81594,15244.43105,15331.88305,14198.75396,17685.32528
Haiti,HTI,GDP per capita (current US$),1404.155214,1305.571297,1384.038372,1494.224962,1324.844005,1283.14083,1829.593044
Hungary,HUN,GDP per capita (current US$),12717.0386,13104.69955,14621.2396,16425.1013,16782.95246,16120.98905,18728.12189
IBRD only,IBD,GDP per capita (current US$),5517.283336,5507.232725,6023.292324,6352.347013,6435.953319,6149.370601,7221.406351
IDA & IBRD total,IBT,GDP per capita (current US$),4471.99645,4455.815489,4838.502342,5076.592986,5125.9788,4888.966209,5684.927074
IDA total,IDA,GDP per capita (current US$),1321.784444,1324.751323,1355.171234,1376.901602,1382.250359,1343.287851,1433.795141
IDA blend,IDB,GDP per capita (current US$),1930.460187,1818.404972,1751.50761,1874.947566,1827.168474,1719.895065,1842.771049
Indonesia,IDN,GDP per capita (current US$),3322.581688,3558.818852,3839.785069,3902.661668,4151.227543,3894.272202,4332.709281
IDA only,IDX,GDP per capita (current US$),1009.709289,1073.49641,1155.206643,1125.361424,1159.353384,1156.369671,1231.126624
Isle of Man,IMN,GDP per capita (current US$),84759.34595,82045.43884,83507.79761,89429.65459,87157.47146,,
India,IND,GDP per capita (current US$),1590.173918,1714.280355,1957.968841,1974.377788,2047.232704,1910.421473,2256.590409
Not classified,INX,GDP per capita (current US$),,,,,,,
Ireland,IRL,GDP per capita (current US$),62053.98444,62895.91112,69970.94891,79250.38785,80927.07467,85420.19086,100172.0793
"Iran, Islamic Rep.",IRN,GDP per capita (current US$),4990.936798,5497.243227,5758.59072,3873.99534,3277.875596,2746.42045,4091.209187
Iraq,IRQ,GDP per capita (current US$),4416.943049,4305.202702,4725.193573,5601.467061,5621.181695,4332.304125,4775.377454
Iceland,ISL,GDP per capita (current US$),52951.68151,61987.92636,72010.14903,74461.48,68853.71522,59200.17794,68727.63666
Israel,ISR,GDP per capita (current US$),36206.52222,37690.47395,41114.78171,42406.84543,44452.23256,44846.7916,52170.71186
Italy,ITA,GDP per capita (current US$),30242.38614,30960.73151,32406.72032,34622.16967,33673.75096,31911.03579,35657.49756
Jamaica,JAM,GDP per capita (current US$),5077.550622,5022.704717,5273.150744,5594.493935,5626.171177,4897.265897,5183.581305
Jordan,JOR,GDP per capita (current US$),4064.253016,4003.404749,4073.116404,4146.407296,4205.563654,4042.76935,4103.258966
Japan,JPN,GDP per capita (current US$),34960.63938,39375.47316,38834.05293,39727.1166,40458.00188,39918.16756,39312.66037
Kazakhstan,KAZ,GDP per capita (current US$),10510.77189,7714.841844,9247.581331,9812.626371,9812.595808,9121.637138,10373.78979
Kenya,KEN,GDP per capita (current US$),1496.652856,1562.076142,1675.973916,1845.78294,1970.105143,1936.424589,2081.799855
Kyrgyz Republic,KGZ,GDP per capita (current US$),1121.082835,1120.666513,1242.769643,1308.140165,1374.032105,1182.5217,1276.700365
Cambodia,KHM,GDP per capita (current US$),1170.742816,1281.105964,1400.89926,1533.315985,1671.385385,1577.911747,1625.23502
Kiribati,KIR,GDP per capita (current US$),1459.133021,1506.246679,1563.550457,1605.01365,1432.178985,1430.551574,1606.462514
St. Kitts and Nevis,KNA,GDP per capita (current US$),20025.96235,21095.25404,22160.44861,22547.91799,23219.33142,18566.09559,18082.61019
"Korea, Rep.",KOR,GDP per capita (current US$),28732.23108,29288.87044,31616.8434,33436.92306,31902.4169,31721.29891,34997.78164
Kuwait,KWT,GDP per capita (current US$),29310.52211,27029.99778,29263.08965,32007.52354,30667.34822,24300.32944,
Latin America & Caribbean (excluding high income),LAC,GDP per capita (current US$),8223.39455,7909.628222,8729.183063,8384.845373,8181.622747,6789.39265,7728.033309
Lao PDR,LAO,GDP per capita (current US$),2125.459057,2309.049076,2439.463355,2553.361866,2598.505523,2593.355097,2535.623432
Lebanon,LBN,GDP per capita (current US$),7802.751368,8172.299476,8679.897422,9225.845155,8985.572499,5599.957523,4136.146347
Liberia,LBR,GDP per capita (current US$),699.6629469,722.1312268,706.892692,700.0370394,665.8784476,597.5296919,675.6631858
Libya,LBY,GDP per capita (current US$),7867.571893,7944.827076,10529.26744,11838.00962,10542.14929,7568.042011,6357.19555
St. Lucia,LCA,GDP per capita (current US$),10290.37891,10574.38891,11270.47161,11563.83747,11726.76977,8458.162761,9414.226231
Latin America & Caribbean,LCN,GDP per capita (current US$),8645.270953,8363.65857,9201.46648,8916.089485,8707.187368,7289.957037,8327.60519
Least developed countries: UN classification,LDC,GDP per capita (current US$),997.1322839,1021.787811,1114.923084,1073.320974,1100.027046,1095.770648,1164.918316
Low income,LIC,GDP per capita (current US$),765.6073981,782.2369267,853.5820306,749.9001604,741.3524349,727.6172144,783.813167
Liechtenstein,LIE,GDP per capita (current US$),167805.9569,165844.9854,170874.2938,175283.6318,167019.6181,157754.9544,
Sri Lanka,LKA,GDP per capita (current US$),4060.131785,4150.934408,4401.056075,4360.583634,4082.69462,3893.841515,4013.687657
Lower middle income,LMC,GDP per capita (current US$),2088.220787,2169.419723,2297.949456,2323.931742,2386.488589,2268.982746,2572.705144
Low & middle income,LMY,GDP per capita (current US$),4329.305028,4313.152654,4679.993245,4900.573676,4952.231133,4723.798867,5494.396981
Lesotho,LSO,GDP per capita (current US$),1113.871328,986.2659867,1062.712512,1161.7271,1102.56487,989.8471707,1094.098185
Late-demographic dividend,LTE,GDP per capita (current US$),8213.123373,8183.327047,9021.965927,9839.4686,9979.254112,9706.843103,11465.85777
Lithuania,LTU,GDP per capita (current US$),14263.96458,15008.31324,16885.40739,19186.35959,19595.14157,20339.52127,23723.34025
Luxembourg,LUX,GDP per capita (current US$),105462.0126,106899.2935,110193.2138,116786.5117,112621.8213,117370.4969,133590.147
Latvia,LVA,GDP per capita (current US$),13786.4568,14331.75159,15695.11515,17865.03109,17945.22222,18207.13964,21148.16294
"Macao SAR, China",MAC,GDP per capita (current US$),73220.26876,71918.73108,78985.64214,84923.38678,83183.16661,37646.3162,43873.59116
St. Martin (French part),MAF,GDP per capita (current US$),,,,,,,
Morocco,MAR,GDP per capita (current US$),3139.243652,3132.94458,3288.502197,3492.67334,3498.573975,3258.121338,3795.380127
Monaco,MCO,GDP per capita (current US$),170337.9244,174610.637,173612.8646,194280.8221,199377.4818,182538.6383,234315.4605
Moldova,MDA,GDP per capita (current US$),2731.065584,2879.391291,3509.64734,4232.206888,4493.370303,4500.624464,5230.661733
Madagascar,MDG,GDP per capita (current US$),455.6380397,464.6161535,503.4980587,512.5439846,512.2796597,462.4042237,500.511032
Maldives,MDV,GDP per capita (current US$),9434.331078,9640.324009,10062.98312,10823.63669,11118.55654,7282.358489,10366.29336
Middle East & North Africa,MEA,GDP per capita (current US$),7183.074513,7111.156241,7251.827736,7476.772457,7337.350935,6491.499128,7569.089437
Mexico,MEX,GDP per capita (current US$),9753.380048,8875.062256,9434.386487,9857.028829,10145.17018,8655.000682,10045.6805
Marshall Islands,MHL,GDP per capita (current US$),3703.649059,4153.117176,4507.622862,4769.190459,5188.971114,5567.972727,6172.145065
Middle income,MIC,GDP per capita (current US$),4720.150396,4709.368042,5116.240783,5384.002157,5448.65078,5206.168295,6074.084921
North Macedonia,MKD,GDP per capita (current US$),4861.553971,5149.589074,5450.492881,6108.740108,6070.388054,5965.450232,6694.641126
Mali,MLI,GDP per capita (current US$),723.5042025,750.0518281,795.682733,856.3565318,840.175765,822.906144,873.7948624
Malta,MLT,GDP per capita (current US$),24921.579,25624.46364,28823.52512,31567.94224,31198.24145,28977.56557,33486.67198
Myanmar,MMR,GDP per capita (current US$),1224.562343,1161.861778,1175.202557,1274.915657,1295.201448,1477.45287,1209.926942
Middle East & North Africa (excluding high income),MNA,GDP per capita (current US$),3805.684009,3832.818509,3739.153088,3491.192578,3438.715899,3093.878473,3573.165173
Montenegro,MNE,GDP per capita (current US$),6517.163752,7033.604899,7803.411137,8850.092733,8909.653336,7677.152226,9465.703999
Mongolia,MNG,GDP per capita (current US$),3919.351148,3690.756716,3708.248223,4165.022739,4394.947147,4041.174196,4566.140154
Northern Mariana Islands,MNP,GDP per capita (current US$),17665.10075,24054.91561,30751.64107,25882.63359,23707.32881,,
Mozambique,MOZ,GDP per capita (current US$),594.2265335,430.9931688,462.7001369,504.53589,508.1636746,449.9552098,491.8391128
Mauritania,MRT,GDP per capita (current US$),1562.725248,1579.198554,1634.643606,1749.954236,1839.96445,1868.466574,2166.046799
Mauritius,MUS,GDP per capita (current US$),9509.934655,9967.881736,10844.03633,11645.98198,11405.72682,9007.419102,9106.237202
Malawi,MWI,GDP per capita (current US$),376.2462048,312.1427971,500.1655472,537.9322041,584.3628673,628.699482,634.8356601
Malaysia,MYS,GDP per capita (current US$),9699.584021,9555.651202,9979.800841,11074.06409,11132.02393,10160.78325,11109.26184
North America,NAC,GDP per capita (current US$),55452.42138,56312.43488,58423.88588,61174.77734,63198.70132,61451.97615,68369.66279
Namibia,NAM,GDP per capita (current US$),4965.68086,4614.881721,5453.570622,5687.399093,5126.176144,4251.172766,4865.557765
New Caledonia,NCL,GDP per capita (current US$),32428.58249,32286.91529,33874.92376,36312.72787,34797.51866,34800.75951,37159.54677
Niger,NER,GDP per capita (current US$),481.1112995,497.0361334,514.5433128,567.3308067,550.9635555,564.8220018,590.6294548
Nigeria,NGA,GDP per capita (current US$),2679.554765,2144.779938,1941.879485,2125.834282,2204.181574,2074.613928,2065.749068
Nicaragua,NIC,GDP per capita (current US$),2025.324776,2079.448266,2127.280585,1981.85912,1890.273065,1863.109257,2045.535402
Netherlands,NLD,GDP per capita (current US$),45193.40322,46039.10593,48675.22234,53044.53244,52476.27325,52162.57012,57767.87881
Norway,NOR,GDP per capita (current US$),74355.51586,70460.56053,75496.75406,82267.80932,75719.7529,67329.67779,89154.27609
Nepal,NPL,GDP per capita (current US$),882.3074488,880.2244881,1027.965486,1161.534374,1185.682675,1139.190277,1208.218534
Nauru,NRU,GDP per capita (current US$),7736.223636,8719.366526,9361.383343,10400.98907,9786.026526,9307.886768,10648.14139
New Zealand,NZL,GDP per capita (current US$),38630.72659,40058.19616,42924.9956,43250.44097,42865.23364,41596.5055,48781.02663
OECD members,OED,GDP per capita (current US$),35599.08004,36049.37851,37403.38787,39348.31436,39531.66035,38326.8576,42446.85932
Oman,OMN,GDP per capita (current US$),18777.43306,17082.2062,17802.57512,19887.57431,19132.15227,16707.62301,19509.46646
Other small states,OSS,GDP per capita (current US$),12502.09538,12087.12239,12894.07583,14062.50398,13540.40029,11683.18606,13878.81484
Pakistan,PAK,GDP per capita (current US$),1282.443153,1468.821421,1567.640986,1620.742857,1437.165907,1322.315036,1505.010193
Panama,PAN,GDP per capita (current US$),13669.55944,14382.23238,15185.97248,15588.33733,15826.08235,12569.17154,14617.60448
Peru,PER,GDP per capita (current US$),6180.194957,6163.791026,6676.284221,6912.110297,6955.809959,6056.343903,6621.574336
Philippines,PHL,GDP per capita (current US$),2974.299531,3038.149734,3077.43564,3194.674521,3413.847924,3224.422551,3460.530963
Palau,PLW,GDP per capita (current US$),15761.36338,16743.37674,16011.66115,15948.27586,15567.09087,14016.2475,12083.88815
Papua New Guinea,PNG,GDP per capita (current US$),2502.084291,2332.69748,2495.131383,2584.298769,2593.80465,2446.066306,2672.94579
Poland,POL,GDP per capita (current US$),12560.05142,12378.75944,13815.6218,15504.58048,15699.91135,15816.9894,17999.90995
Pre-demographic dividend,PRE,GDP per capita (current US$),1550.798612,1385.874037,1436.420704,1455.859757,1463.306586,1337.464153,1418.593326
Puerto Rico,PRI,GDP per capita (current US$),29763.4883,30627.1634,31108.76057,31615.06679,32916.8668,31393.90737,32640.71034
"Korea, Dem. People's Rep.",PRK,GDP per capita (current US$),,,,,,,
Portugal,PRT,GDP per capita (current US$),19250.10654,19991.97249,21490.42986,23562.55452,23330.81729,22242.40642,24567.50927
Paraguay,PRY,GDP per capita (current US$),5861.401895,5759.042198,6136.058301,6242.961454,5807.838794,5353.348065,5891.499965
West Bank and Gaza,PSE,GDP per capita (current US$),3272.154324,3527.613824,3620.360487,3562.330943,3656.858271,3233.568638,3663.969055
Pacific island small states,PSS,GDP per capita (current US$),3724.591674,3867.741699,4128.474923,4283.741566,4233.413675,3707.310581,3643.845437
Post-demographic dividend,PST,GDP per capita (current US$),40638.37581,41369.93372,42968.44781,45382.30693,45700.93813,44474.54975,49223.59503
French Polynesia,PYF,GDP per capita (current US$),18252.51997,18726.64225,19743.95491,20614.89886,20023.5047,18910.38013,19914.60351
Qatar,QAT,GDP per capita (current US$),66984.9102,58467.23557,59407.69805,66264.08117,62637.27511,52315.66008,66838.35743
Romania,ROU,GDP per capita (current US$),8976.880535,9404.341874,10727.94969,12494.47747,12958.07556,13047.43206,14858.22943
Russian Federation,RUS,GDP per capita (current US$),9313.013672,8704.898438,10720.33301,11287.36035,11536.25098,10169.08691,12194.77734
Rwanda,RWA,GDP per capita (current US$),733.4411218,728.43449,756.5476411,769.4373107,806.8799811,774.6892594,822.3479886
South Asia,SAS,GDP per capita (current US$),1523.697807,1675.575511,1887.92183,1920.208396,1962.802875,1852.300088,2149.821595
Saudi Arabia,SAU,GDP per capita (current US$),19977.79469,19300.05001,20138.14633,23318.73817,22430.23823,19539.56581,23185.87079
Sudan,SDN,GDP per capita (current US$),2226.421631,2614.300293,3188.75,769.8691406,748.0109253,608.3325195,751.8213501
Senegal,SEN,GDP per capita (current US$),1238.126396,1290.750004,1385.199333,1484.239673,1462.354333,1490.203137,1636.893209
Singapore,SGP,GDP per capita (current US$),55646.61875,56860.41324,61150.7272,66859.33834,65831.18943,60729.45035,72794.00302
Solomon Islands,SLB,GDP per capita (current US$),2134.802451,2196.270903,2283.576156,2450.484428,2398.772757,2222.465636,2304.844567
Sierra Leone,SLE,GDP per capita (current US$),576.7402317,490.3705888,484.4464498,519.6500156,506.6068944,493.4787775,480.0392113
El Salvador,SLV,GDP per capita (current US$),3761.51368,3870.312982,3986.049014,4145.862351,4280.288404,3903.395839,4551.184661
San Marino,SMR,GDP per capita (current US$),42281.64347,43399.4583,44885.79714,48462.96032,47287.39839,45320.20872,
Somalia,SOM,GDP per capita (current US$),387.6079944,387.1866816,377.349072,379.9860027,405.7867633,416.2177747,446.9815596
Serbia,SRB,GDP per capita (current US$),5588.980728,5765.200762,6292.543629,7252.401858,7417.203649,7733.802869,9230.178316
Sub-Saharan Africa (excluding high income),SSA,GDP per capita (current US$),1674.237701,1523.527264,1608.564847,1630.238971,1606.558195,1492.134018,1632.087531
South Sudan,SSD,GDP per capita (current US$),1071.777765,,,,,,
Sub-Saharan Africa,SSF,GDP per capita (current US$),1675.486575,1524.82775,1609.900105,1631.593697,1607.921605,1493.100691,1633.180754
Small states,SST,GDP per capita (current US$),11585.64515,11163.9733,11854.01603,12808.19088,12427.57674,10702.96169,12588.92779
Sao Tome and Principe,STP,GDP per capita (current US$),1571.49854,1688.375303,1805.524651,1950.629352,1991.738264,2161.310196,2360.543554
Suriname,SUR,GDP per capita (current US$),8907.751222,5705.426967,6112.851175,6730.846883,6690.044786,4796.533314,4869.134226
Slovak Republic,SVK,GDP per capita (current US$),16390.88217,16563.4405,17585.197,19486.39368,19383.48104,19545.74282,21391.92533
Slovenia,SVN,GDP per capita (current US$),20890.16643,21678.35947,23514.02546,26123.74713,26016.07868,25545.241,29291.40062
Sweden,SWE,GDP per capita (current US$),51545.48361,51965.15715,53791.50873,54589.06039,51939.42974,52837.90398,61028.73806
Eswatini,SWZ,GDP per capita (current US$),3583.31129,3339.992899,3824.046783,4020.27305,3843.377391,3372.895601,3978.403528
Sint Maarten (Dutch part),SXM,GDP per capita (current US$),32274.89055,31616.6817,29369.05683,28988.25921,,,
Seychelles,SYC,GDP per capita (current US$),15157.53029,15740.13032,16416.77619,16910.68818,17253.50566,12808.98747,14653.30939
Syrian Arab Republic,SYR,GDP per capita (current US$),857.4978675,664.3416723,862.3190638,1104.392448,1116.679246,533.3852317,
Turks and Caicos Islands,TCA,GDP per capita (current US$),25783.2941,26995.03216,25659.19586,26831.97146,27795.14856,20882.26127,20908.5827
Chad,TCD,GDP per capita (current US$),774.4116005,691.9800949,662.89753,720.265047,701.6212166,643.7722213,685.6902841
East Asia & Pacific (IDA & IBRD countries),TEA,GDP per capita (current US$),6574.564656,6664.796033,7228.762666,8032.798909,8259.795605,8354.065182,9880.09607
Europe & Central Asia (IDA & IBRD countries),TEC,GDP per capita (current US$),7993.440052,7640.691289,8532.434867,8870.39705,9019.717374,8423.196002,9842.052265
Togo,TGO,GDP per capita (current US$),559.4457465,787.2801816,814.4199071,883.8678323,875.9326592,897.1945754,973.2061291
Thailand,THA,GDP per capita (current US$),5708.796925,5854.461088,6436.791746,7124.564544,7630.03961,6990.935503,7066.190546
Tajikistan,TJK,GDP per capita (current US$),970.3652238,801.3912831,844.3693648,850.6685075,889.0202624,852.3336702,897.0475103
Turkmenistan,TKM,GDP per capita (current US$),6208.296655,6163.253406,6354.53283,6721.34954,7344.648233,,
Latin America & the Caribbean (IDA & IBRD countries),TLA,GDP per capita (current US$),8497.455941,8199.168618,9050.943468,8754.293268,8526.265783,7081.447046,8108.91587
Timor-Leste,TLS,GDP per capita (current US$),1322.300913,1347.926336,1283.52585,1239.366122,1584.263844,1660.30834,2741.393931
Middle East & North Africa (IDA & IBRD countries),TMN,GDP per capita (current US$),3811.777672,3836.31969,3740.519986,3490.367204,3436.13153,3092.20556,3572.065525
Tonga,TON,GDP per capita (current US$),4117.960717,3978.356954,4367.302044,4649.57939,4879.017342,4606.064552,4426.000637
South Asia (IDA & IBRD),TSA,GDP per capita (current US$),1523.697807,1675.575511,1887.92183,1920.208396,1962.802875,1852.300088,2149.821595
Sub-Saharan Africa (IDA & IBRD countries),TSS,GDP per capita (current US$),1675.486575,1524.82775,1609.900105,1631.593697,1607.921605,1493.100691,1633.180754
Trinidad and Tobago,TTO,GDP per capita (current US$),18389.53103,15991.10879,16094.66678,16164.16133,15690.9631,13871.79822,16032.50277
Tunisia,TUN,GDP per capita (current US$),3960.97533,3796.16792,3569.755725,3577.124412,3477.883777,3497.68141,3807.13915
Turkiye,TUR,GDP per capita (current US$),10851.95413,10734.37997,10464.1014,9400.778214,9103.043375,8561.070948,9661.235975
Tuvalu,TUV,GDP per capita (current US$),3384.357776,3836.112926,4175.993524,4401.131201,4949.173888,4973.774561,5632.002993
Tanzania,TZA,GDP per capita (current US$),928.8064575,942.4729614,976.2122192,1010.937622,1052.021729,1042.09668,1099.287598
Uganda,UGA,GDP per capita (current US$),864.1800623,753.6844086,766.1776058,793.1280811,823.1389505,846.7672013,883.8920323
Ukraine,UKR,GDP per capita (current US$),2124.662354,2187.730469,2638.326172,3096.561768,3661.456299,3751.740723,4835.571777
Upper middle income,UMC,GDP per capita (current US$),8132.28571,8025.2348,8820.949493,9435.780828,9534.005113,9157.820016,10828.05069
Uruguay,URY,GDP per capita (current US$),15655.937,16766.42526,18769.78752,18825.28381,17859.9315,15619.54266,17313.18835
United States,USA,GDP per capita (current US$),56762.72945,57866.74493,59907.75426,62823.30944,65120.39466,63530.63348,70248.629
Uzbekistan,UZB,GDP per capita (current US$),2753.971072,2704.677188,1916.764642,1597.068337,1784.009816,1749.655815,1983.064723
St. Vincent and the Grenadines,VCT,GDP per capita (current US$),7386.737595,7684.779208,8030.585057,8399.694011,8674.371009,8335.256476,8666.387041
"Venezuela, RB",VEN,GDP per capita (current US$),,,,,,,
British Virgin Islands,VGB,GDP per capita (current US$),,,,,,,
Virgin Islands (U.S.),VIR,GDP per capita (current US$),34007.35294,35324.97489,35365.0693,36653.86305,38596.03071,39552.1686,
Vietnam,VNM,GDP per capita (current US$),2595.234979,2760.717105,2992.071742,3267.225009,3491.091274,3586.347302,3756.489121
Vanuatu,VUT,GDP per capita (current US$),2643.886085,2757.203306,3032.197958,3076.835315,3076.589886,2877.520173,2996.621062
World,WLD,GDP per capita (current US$),10153.5813,10206.89228,10742.65046,11285.49764,11320.91588,10883.07605,12236.61574
Samoa,WSM,GDP per capita (current US$),4048.513876,4105.834468,4261.653789,4188.988532,4308.272753,4042.751224,3857.318464
Kosovo,XKX,GDP per capita (current US$),3520.766449,3759.560246,4009.380987,4384.048892,4416.108358,4310.811183,5269.783901
"Yemen, Rep.",YEM,GDP per capita (current US$),1488.416482,1069.817122,893.7165729,701.7148778,,,
South Africa,ZAF,GDP per capita (current US$),6204.929901,5735.066787,6734.475153,7048.522211,6688.787271,5741.643129,7055.044776
Zambia,ZMB,GDP per capita (current US$),1307.909649,1249.923143,1495.752138,1475.204538,1268.120941,956.8313639,1137.343633
Zimbabwe,ZWE,GDP per capita (current US$),1410.329174,1421.787789,1192.107012,2269.177012,1421.868596,1372.696674,1773.920411