Country Name,Country Code,oecd_edu_population_to_primary,oecd_edu_population_to_tertiary,oecd_edu_population_to_secondary,oecd_gdp,oecd_gdp_per_cap,un_edu_primary_complete,un_edu_primary_enroll,un_edu_secondary_enroll,un_edu_tertiary_enroll,un_gdp_per_cap,un_urban_ratio,wb_edu_literacy_adult,wb_edu_literacy_youth,wb_edu_primary_complete,wb_edu_primary_enroll,wb_edu_secondary_enroll,wb_edu_tertiary_enroll,wb_gdp_per_cap,wb_gdp,wb_gdp_per_cap_ppp,wb_gdp_ppp,wb_urban_density,wb_urban_largest_city_ratio,wb_urban_big_city_ratio,wb_urban_population_ratio
Argentina,ARG,33.458462,24.765341,41.776196,1092845.898,23856.680324,94.56793,99.02244,128.423,79.9867,10761.0816269643,,99.0038681,99.50552368,101.3452072,99.184,90.79605,99.1662674,487227000000.0,10636.1202,20769.0323781598,942431459963.083,16.58089261,36.11373386,42.75880325,92.229
Australia,AUS,15.46888,49.767868,34.763252,1595112.956,61974.774982,,97.35563,114.85434,86.55455,66915.8592008469,,,,,96.38096,92.28431,114.189888,1552670000000.0,60443.10916,53316.8854335814,1369884973053.42,3.335312311,22.81495852,61.91719513,86.362
Austria,AUT,14.060361,34.604504,51.335136,622665.496,68774.881689,99.49617,94.45453,99.47815,79.99864,53840.3932953502,,,,99.66526031,88.61718,87.00131,87.21138763,480368000000.0,53637.70571,55685.9702933361,496544223813.718,108.0570044,36.81121051,21.71677183,58.995
Belgium,BEL,18.473303,44.873066,36.653629,773801.715,66176.491484,92.19031,98.78049,180.38173,73.3188,51165.510222267,,,,,98.76482,94.94691,80.88874817,594104000000.0,51247.01435,53070.2148197652,612655349801.141,381.0635403,18.42418633,27.11389644,98.117
Brazil,BRA,41.5784,20.678915,37.742687,3213097.741,15173.607426,80.62466,90.35398,108.5702,46.44658,7507.16024556456,,94.30000305,99.40000153,,96.29925,81.72855,54.57279968,1608980000000.0,7507.160971,14834.1937022808,3153147446348.34,25.50762538,11.88259508,42.37016625,87.317
Canada,CAN,6.9325643,61.985279,31.082157,2221280.61,57058.469082,98.59447,99.45674,99.88171,58.88359,52112.0614958113,,,,,99.8825,99.80968,79.516922,1988340000000.0,51987.93905,46572.1374328364,1771473892248.83,4.242576785,20.02802515,45.98645959,81.653
Switzerland,CHE,12.57438,45.002983,42.422638,723517.334,82389.515916,68.68168,93.7743,106.09061,57.22953,93525.3661913239,,,,99.57124329,93.19583,85.32946,65.33409119,800640000000.0,91991.60046,71745.2993952823,619632654690.619,218.5990597,21.85612434,16.17265886,73.996
Chile,CHL,28.026119,31.439775,40.534103,552981.397,28100.985702,99.53105,93.03748,103.92402,86.6307,16265.0964340701,0.880899661613821,97.04000092,99.09999847,101.4751129,94.74067,88.65187,91.66934967,317059000000.0,16265.09598,25089.0312965357,479607165872.117,25.95761178,39.7912378,34.9434705,87.817
China,CHN,63.374126,18.535316,18.090559,30090699.886,,81.10148,90.18812,100.38884,39.39039,,0.6472108169333145,97.15000153,99.80999756,,,,63.60195923,17734100000000.0,12556.33312,17189.281794248,24255795539863.4,149.7235526,3.148247331,29.76998435,62.512
Colombia,COL,39.789829,25.207756,35.002415,869840.596,17417.234054,83.49704,89.83309,106.8973,51.291,6104.13670930389,0.763206577148994,95.63632965,99.01181793,103.7517471,92.91999,77.47078,54.23928833,314464000000.0,6104.136709,14868.4698189141,756550625053.309,45.90415683,26.51980053,44.12065192,81.74
Costa Rica,CRI,57.373444,24.640232,17.986324,127686.494,,90.3673,96.13191,133.30969,53.03828,12472.443327393,0.724941235574222,98.04000092,99.52999878,104.6601639,97.33255,82.44799,57.67481995,64282438667.0,12472.44373,22243.8019575334,113312462965.098,100.334998,33.84954376,27.56198781,81.425
Czechia,CZE,5.5797949,26.537458,67.882744,534055.096,49956.512049,,,,,26808.5398580416,,,,100.5519028,89.3503,90.51857,68.06181335,281778000000.0,26821.24523,,,138.5759288,16.830068,12.49026725,74.214
Germany,DEU,14.672102,31.143503,54.184395,5371318.279,64101.466443,96.48175,98.63278,101.25985,65.4738,51073.1178941387,,,,98.56955719,90.14286,85.29882,72.98919678,4259930000000.0,51203.55447,54844.5459733622,4560920212744.35,238.0173188,5.528745605,9.661285956,77.544
Denmark,DNK,17.887573,41.881645,40.230782,441729.033,74793.266721,99.48016,98.06953,116.60542,81.51647,68036.7174499952,,,,98.53518677,98.53748,90.92146,82.8392868,398303000000.0,68007.75667,60229.9147703017,351224965911.196,145.7851,26.28895114,23.19736959,88.24
Spain,ESP,36.083153,40.703045,23.213802,2225886.52,46747.557086,96.33609,98.93822,126.8126,89.07212,30058.3872447137,,98.59445953,99.62142181,98.90447998,97.27171,96.87779,95.96486664,1427380000000.0,30103.51373,37756.3509997639,1788269872312.89,94.81538375,17.35178417,25.92675008,81.056
Estonia,EST,10.475689,41.226608,48.297703,63555.067,47721.323033,96.58193,97.25776,109.96161,72.92471,27990.6210290954,,99.87000275,99.98999786,97.8786087,93.68129,94.36474,74.231987,37191166152.0,27943.70122,37645.2213607112,50048531249.417,31.09992982,48.57522628,,69.415
Finland,FIN,11.083303,42.33107,46.585629,332318.393,59808.219831,99.62933,99.43316,101.37216,88.67155,53703.4525200273,,,,99.03176117,98.62944,96.1047,95.04788971,297302000000.0,53654.7503,50937.1607539726,281659220687.004,18.19287688,27.76276232,23.76381448,85.596
France,FRA,17.760235,40.703068,41.536697,3814783.882,55698.406803,97.95848,98.84784,107.65316,64.39047,44229.3937152728,,,,,98.92727,94.66595,69.34638214,2957880000000.0,43658.97898,46991.1820282957,3166261521877.82,123.4046994,20.1277495,22.86946001,81.242
United Kingdom,GBR,18.294903,50.145672,31.559423,3740423.339,55175.810051,,,,,,,,,99.43340302,99.49182,97.13247,69.4837265,3131380000000.0,46510.28278,46526.9118652819,3121071774834.98,277.2744182,16.63639014,27.30680068,84.152
Greece,GRC,21.812767,34.556225,43.631008,393631.536,37212.227345,90.68469,97.17147,103.61142,110.16268,20571.2179357684,,97.93595123,99.16000366,100.6033173,98.22037,93.34588,150.8760681,214874000000.0,20192.5963,27948.6497284227,299066091543.372,82.99921645,37.02298457,29.63245477,80.038
Hungary,HUN,13.719394,29.29541,56.985195,413146.473,42665.113312,98.26017,90.76962,100.85752,53.19281,18728.3244176432,,99.09999847,98.69999695,94.42460632,90.83399,89.27911,55.15554047,181848000000.0,18728.12189,33274.3476562091,324429847525.84,106.8392395,25.25855282,18.24804213,72.245
Indonesia,IDN,57.04705,13.170677,29.782272,3969883.308,,81.94135,89.71853,90.67667,31.1021,4332.70928089405,0.675839204347256,95.99900818,99.7795105,102.3348389,93.4963,78.73112,36.31103897,1186090000000.0,4332.709281,12072.4399629246,3302097492964.25,144.7963882,6.959855306,13.89114438,57.29
India,IND,77.645477,12.94724,9.4072857,9657283.711,7201.553849,61.37311,92.25846,85.20203,23.89011,2274.47654160975,0.3453366911137069,74.37299347,91.66403961,97.3657074,,,31.30364037,3176300000000.0,2256.590409,6525.42805209485,9005119325892.9,469.6595667,6.259070044,16.00542642,35.393
Ireland,IRL,12.765348,53.708744,33.525906,656439.507,128343.445998,,94.9173,114.76326,73.16848,101108.989159094,,,,98.9764328,95.78041,98.6613,74.68031311,504183000000.0,100172.0793,93350.0875336544,465413104314.265,72.36728117,38.60838549,24.67538815,63.912
Iceland,ISL,21.429537,43.06255,35.507912,25335.76,66637.981044,97.91737,98.60999,97.30824,82.22758,69133.1340822158,,,,99.37201691,99.83367,91.2734,84.27375031,25602419210.0,68727.63666,53616.6847084842,19648531128.3253,3.634463949,,,93.944
Israel,ISR,12.055555,49.688583,38.255859,412651.502,44052.106772,99.23824,96.72031,103.31296,66.18104,54111.0210446624,0.9160515270723095,,,107.2998886,97.01884,98.63822,61.07302856,488527000000.0,52170.71186,39489.2807769984,363897671288.118,425.836414,49.13284673,57.86790901,92.674
Italy,ITA,37.293571,19.983055,42.72337,3092145.9,52461.180226,98.94044,97.64187,108.8268,63.45507,35578.8510673149,,99.34909821,99.8742218,97.55294037,95.65574,94.66346,69.46527863,2107700000000.0,35657.49756,41987.8159630472,2496155798766.2,200.9991005,10.14490905,19.28778047,71.346
Japan,JPN,,55.555557,,5383426.681,42895.146536,99.83826,99.95,101.35803,62.41163,39649.9275053265,,,,,,,64.61711884,4940880000000.0,39312.66037,42100.257690921,5315620636313.38,346.3950617,32.340061,64.88238178,91.867
"Korea, Rep.",KOR,9.6675959,51.707623,38.624783,2425556.12,46875.178673,,,,,,,98.80000305,100.0,99.72099304,97.25516,98.00711,102.4673615,1810960000000.0,34997.78164,,,531.1090061,23.66069605,50.4560954,81.414
Lithuania,LTU,6.7329736,45.343121,47.923908,139748.025,49328.635767,97.20947,97.87817,104.42788,68.53141,23844.1256495224,,99.83000183,99.94999695,103.6344833,98.17529,98.42562,70.78690338,66445256585.0,23723.34025,38880.5452693822,108666652765.217,44.63246567,28.24824945,,68.249
Luxembourg,LUX,19.698715,50.304401,29.996883,93962.589,143394.130003,84.78167,92.45727,113.75683,19.40741,133745.40150219,,,,84.04065704,95.03083,83.58238,19.19842911,85506243834.0,133590.147,117846.13649183,74292443521.0431,244.8742649,,,91.672
Latvia,LVA,10.605479,39.00124,50.393284,76741.786,40685.382515,93.5173,96.36553,115.32151,67.03973,21267.46224347,0.6815008057687869,99.88999939,99.81999969,98.32875824,96.30354,93.79965,94.51083374,39853501580.0,21148.16294,31424.9022103534,59721423980.7638,30.53911297,48.68693418,,68.421
Mexico,MEX,57.190308,20.45546,22.354233,2480684.356,19438.782132,95.71265,95.0583,115.50843,29.9409,10045.676371041,,95.24784851,99.08241272,102.6626282,95.30064,81.15596,44.80858994,1272840000000.0,10045.6805,18670.8104030112,2407278986001.28,64.81560843,21.35277992,42.11226699,81.016
Netherlands,NLD,19.437679,43.059402,37.502918,1256312.118,70966.057612,98.21536,99.5865,139.10524,78.50107,57871.3492096268,,,,,98.64765,93.16439,92.01217651,1012850000000.0,57767.87881,59266.9085805339,1033703786007.38,518.013068,7.131668902,12.37392663,92.572
Norway,NOR,17.57239,47.220146,35.207466,518561.227,95026.796239,99.57491,99.88796,99.36978,76.78316,89241.7139378055,,,,99.2576828,99.88251,95.60786,84.44367218,482175000000.0,89154.27609,62644.8457362642,336996381517.09,14.76721523,23.43746879,19.52880007,83.323
New Zealand,NZL,19.431931,40.490189,40.077881,242673.983,47341.78373,,98.42879,102.99765,80.88294,48823.5077795339,0.8385195018154843,,,,99.11677,96.86035,79.90783691,249886000000.0,48781.02663,44657.7737248265,227316999814.112,19.33158634,36.6654498,31.82157498,86.789
Poland,POL,6.7923322,33.234364,59.973305,1643788.812,43455.436916,98.53229,96.94361,100.21169,71.15869,17736.4195570017,,99.80000305,99.90000153,95.02263641,95.78475,94.08406,70.47712708,679445000000.0,17999.90995,34286.9850845384,1299444847807.88,123.8005749,7.891929054,4.741076433,60.075
Portugal,PRT,40.549065,31.08424,28.366695,435020.402,42341.460754,,98.60871,116.97225,65.60738,24651.1764348733,,96.77999878,99.70999908,105.4502487,97.56411,94.66479,70.38208771,253663000000.0,24567.50927,34177.085710564,351924219905.62,112.406676,43.05238952,41.529985,66.849
Russian Federation,RUS,4.8022981,56.725521,38.472183,4367291.715,29819.046969,96.44676,95.21313,98.68286,78.65337,12258.7720197789,,99.69999695,99.69999695,105.225853,95.09612,90.67886,86.40014648,1778780000000.0,12194.77734,,,8.797354989,11.71549349,23.68134966,74.934
Slovak Republic,SVK,6.8340263,27.911043,65.254929,201893.756,36704.186829,,,,,,,,,98.34087372,83.09318,84.75751,47.62358856,116527000000.0,21391.92533,31356.458282425,171169481096.475,113.5363353,14.91007972,,53.82
Slovenia,SVN,8.69,40.3,51.01,106933.333,50713.217901,99.04773,97.73995,99.73447,82.92643,29134.8000315499,0.5534479513053011,,,103.8800888,98.26288,95.68577,79.9208374,61748586535.0,29291.40062,39725.259194249,83519139709.9138,104.4088814,,,55.427
Sweden,SWE,15.142161,46.648315,38.209526,683843.355,65209.039958,99.55624,99.47047,114.27631,62.35348,60729.7134250084,,,,104.6535873,99.18177,99.06336,84.51622009,635664000000.0,61028.73806,55064.8850101551,570111093189.311,25.42072337,18.02442098,15.90438805,88.238
Turkiye,TUR,55.102688,24.452457,20.444857,2581588.441,30679.506593,,,,,,,96.74221039,99.90715027,93.57749176,87.90006,87.22819,117.1131516,819035000000.0,9661.235975,,,109.3193197,23.74795605,37.57227863,76.569
United States,USA,8.2938099,50.316986,41.389202,23315081.0,70181.12175,,,,,69184.7044001711,,,,100.9236679,94.62633,92.45022,87.56765747,23315100000000.0,70248.629,63027.6795267153,20893743833000.0,36.23984468,6.843319129,46.75182866,82.873
South Africa,ZAF,52.348087,15.839705,31.812206,711486.517,12253.323477,76.98593,83.32679,94.91587,19.66282,7055.05517622779,,95.02297211,98.40953064,91.99948883,87.01258,71.92661,24.23629951,419015000000.0,7055.044776,13359.4843319287,792333514802.214,48.47284785,14.70788205,36.54460333,67.847
Afghanistan,AFG,,,,,,87.786,28.65191,66.15321,8.6628,372.548874780042,0.26171031103656595,37.2660408,55.9294014,84.33058929,,50.1407,10.56252003,14786861638.0,368.7546142,2078.47908182601,80911742458.6898,59.75228064,41.09044433,10.81253908,26.314
Albania,ALB,,,,,,98.71253,95.51731,98.62413,62.70685,6396.46181225342,,98.44999695,99.41999817,98.15583038,94.52966,86.60827,56.72153091,18255787479.0,6492.872012,13632.1865366302,38686086930.7895,103.5711314,28.39538249,,62.969
Algeria,DZA,,,,,,93.413,97.26243,132.01042,34.59381,3700.32405783434,,81.40783691,74.02999878,103.6635284,97.63517,,53.74174118,163044000000.0,3690.627878,11323.3122190849,496539051021.519,18.24365706,8.562678175,6.358730525,74.261
Andorra,AND,,,,,,70.65059,,,,42066.0415696858,,,,,,,,3330281524.0,42137.32727,,,165.3191489,,,87.858
Angola,AGO,,,,,,31.87285,84.01231,35.81123,9.92357,2044.2182115247,0.6344750533740906,72.27999878,82.83000183,,,,10.63029003,67404287260.0,1953.533757,6478.33218196834,212918601685.596,26.81357664,37.08448519,25.01719377,67.46
Antigua and Barbuda,ATG,,,,,,91.32207,84.1432,115.99066,23.48624,15245.8189854,,98.94999695,,99.48415375,95.69547,88.78981,,1471125926.0,15781.3957,18240.3804056479,1786243972.36428,210.6,,,24.38
Armenia,ARM,,,,,,90.2065,84.13556,97.4689,44.25461,4966.51667567882,0.647944410732853,99.78861237,99.87381744,91.81968689,90.72273,,55.41358948,13861409969.0,4966.513471,13311.0281362153,39443691148.1898,98.54611872,61.52372732,39.0251217,63.431
Aruba,ABW,,,,,,95.9406,99.24994,118.57814,16.9016,29342.1008558781,,97.98999786,99.51999664,,,,15.59920979,3126019399.0,29342.10086,31182.8338812015,3329266442.16036,592.1388889,,,43.866
Azerbaijan,AZE,,,,,,97.26262,95.1785,89.05687,23.15973,5296.44321168757,,99.79598236,99.93392944,94.32929993,92.42467,88.53256,38.2371788,54622176471.0,5387.997975,14478.5244519377,146133499194.866,122.1247368,41.18927504,23.38562304,56.776
Bahrain,BHR,,,,,,97.80743,96.92446,100.14868,36.83768,26562.9740428193,,,,100.241188,96.71489,90.19346,64.53108215,38868663032.0,26562.96914,43821.1244906362,74565280474.1503,1882.126115,50.62448195,,89.622
Bangladesh,BGD,,,,,,66.20096,89.96452,76.12434,13.4408,2449.90651676298,,74.9088974,94.46177673,121.9175262,,66.54968,25.10159492,416265000000.0,2457.92488,5995.40742859276,987379950248.558,1286.171553,32.96227816,15.86823093,38.946
Barbados,BRB,,,,,,93.37466,91.02247,106.87177,65.43223,17225.4623044097,,,,98.47075653,96.69287,93.63078,,4843800000.0,17225.4623,14045.7728319619,4036347784.49374,652.7744186,,,31.246
Belarus,BLR,,,,,,98.32384,93.74106,104.49307,88.85703,7121.00468882456,0.7747567400351474,99.87400055,99.87283325,93.63146973,94.92861,95.63948,82.23885345,68205380707.0,7302.257794,20237.5511291865,189827258189.315,46.21121293,27.31597454,21.8281955,79.91
Belize,BLZ,,,,,,94.67144,96.2915,90.23618,24.1848,6228.70085318388,,,,106.7412796,95.94237,71.149,23.22977066,2491500000.0,6228.267309,6165.84966925761,2451671311.33988,17.31350285,,,46.201
Benin,BEN,,,,,,53.387,95.86662,67.56271,15.36278,1360.91147421792,,45.84000015,65.04000092,73.47045135,97.21103,46.58049,11.08936024,17144918952.0,1319.154995,3505.1384547304,42493487504.1107,112.1241841,17.63929928,,48.972
Bermuda,BMU,,,,,,84.24221,83.45787,78.2984,27.45973,112652.646350393,,,,91.57302856,,,19.02725983,7286607000.0,114090.3283,80273.0817053991,5128888009.40306,1183.203704,,,100.0
Bhutan,BTN,,,,,,78.85831,85.5824,91.94067,10.92693,3062.91497537619,0.4087709253467741,70.94999695,97.30000305,89.84010315,88.02597,70.19893,23.27213097,2539552985.0,3266.364905,11129.3084547092,8587507955.35506,20.25448348,,,43.008
Bolivia,BOL,,,,,,96.73082,94.14108,99.89639,38.39057,,,93.85256195,99.55658722,92.88169098,92.85137,76.55438,,40408208528.0,3345.196589,8283.13119529083,96689230653.4345,11.01833472,22.1049481,41.12007545,70.475
Bosnia and Herzegovina,BIH,,,,,,86.51722,97.52653,91.50272,47.57777,7143.28396260018,,98.09999847,99.72000122,85.42336273,,,39.23395157,23365361635.0,7143.310548,15598.4303394866,51175564234.2429,64.81263672,21.25741651,,49.425
Botswana,BWA,,,,,,94.01205,91.02086,91.46883,27.51322,6805.24771262702,0.6406659278662108,,,94.55426788,,,24.72838974,17614791266.0,6805.221274,15471.0948083951,36382213328.7921,4.493148413,,,71.56
Brunei Darussalam,BRN,,,,,,96.36919,98.80453,107.82018,31.72534,31448.9136081385,0.7488160745441648,97.58999634,99.76999664,104.9582825,93.14673,82.64549,31.99329948,14006569576.0,31449.07656,,,83.81878558,,,78.554
Bulgaria,BGR,,,,,,97.84393,94.92968,93.14579,70.78563,12207.2577149813,0.7332399050189536,98.41999817,98.05999756,87.87634277,86.4454,89.05757,75.40579987,84056312734.0,12221.49661,24564.4376812432,170330179348.305,63.87265107,24.56223259,18.67343691,76.025
Burkina Faso,BFA,,,,,,69.49702,67.45066,41.88125,4.77591,893.07719598646,0.2686978260816652,46.04000092,65.48000336,66.96781158,78.64517,31.00148,9.542420387,19737615114.0,893.0771558,2273.83136519316,47530529151.7522,78.66456871,42.21483483,13.18791369,31.24
Burundi,BDI,,,,,,52.57043,95.35938,50.12112,4.40817,310.706844274277,,74.70999908,92.58000183,52.94527054,92.8047,27.52277,5.951305389,2779813489.0,221.4776762,771.101237228677,9168995940.71524,475.8655374,60.90521126,,14.058
Cambodia,KHM,,,,,,46.92221,94.70745,60.60908,15.90151,1607.65892853542,0.39185866907147415,83.91000366,95.63999939,90.6848526,90.26554,,12.98375511,26961061120.0,1625.23502,4423.47463119877,73955944078.248,92.88953093,52.38261758,12.92174349,24.668
Cameroon,CMR,,,,,,69.75482,91.64219,66.56681,11.92603,1668.01241018141,,78.23000336,86.23999786,65.49803925,92.87395,45.99349,14.26727009,45338283345.0,1666.932734,3867.20380825838,102658266354.309,56.04088553,26.32972754,29.25710076,58.148
Cayman Islands,CYM,,,,,,74.64883,,,,85250.265252558,1.0,98.86782074,98.9068222,89.55223846,,,25.85106087,5898449688.0,86568.76964,72481.0138555976,4763452230.58987,280.4625,,,100.0
Central African Republic,CAF,,,,,,46.55629,70.55846,23.03378,2.77416,461.36101321537,,37.49000168,38.34000015,54.70602036,,12.71989,,2516498299.0,461.1374902,989.218743666095,4777693076.28373,8.576551414,39.11157974,,42.648
Chad,TCD,,,,,,50.98758,84.44159,26.03688,3.44539,955.169672568295,,26.76000023,35.16999817,44.5021019,73.15289,18.8551,3.251300097,11779980802.0,685.6902841,1591.66995264718,26144546216.7193,13.21847284,36.13045996,8.592184748,23.781
Comoros,COM,,,,,,55.40693,83.21599,65.53906,8.92842,1631.4845533623,,61.99000168,81.20999908,76.72007751,80.75383,50.35748,,1296089633.0,1577.471027,3147.85659734717,2737360357.77012,433.189683,,,29.613
Croatia,HRV,,,,,,99.43954,88.69765,102.42473,69.54415,16983.4473172554,,99.44999695,99.76000214,95.74845123,88.0407,92.39267,68.09648132,68955083280.0,17685.32528,28780.316739861,116493512461.601,72.33166548,30.3334614,,57.878
Cuba,CUB,,,,,,96.45513,93.15654,100.82088,40.99976,11255.2789495585,,99.67311096,99.87464905,100.3936996,97.73994,84.18162,53.76028061,107352000000.0,9499.590202,,,108.8699229,24.62986515,19.03691527,77.292
Cyprus,CYP,,,,,,90.83616,96.91133,100.53451,53.10435,32280.928826947,,99.36000061,99.90000153,100.3684998,97.49342,95.337,92.9377594,28407867534.0,31551.81641,39593.42578125,35317532449.6445,133.9325758,,,66.856
Djibouti,DJI,,,,,,84.4023,57.36906,51.8219,4.98506,3348.01339134736,,,,64.81249237,66.48037,37.8168,,3482987379.0,3150.436729,5532.68212308233,5466301002.96958,47.03002588,67.49994796,,78.217
Dominica,DMA,,,,,,85.01303,92.95076,106.37749,7.22496,7570.78378148905,,,,101.8181763,95.42178,87.73568,,554181481.5,7653.17187,10818.0249446668,778800433.791507,95.99333333,,,71.395
Dominican Republic,DOM,,,,,,78.60154,83.55201,86.67972,47.51576,8476.74968827998,0.8335524082328479,95.16999817,98.94000244,87.98164368,92.71356,70.60614,61.16122818,94243453937.0,8476.752157,17934.1932525646,194548406721.269,227.6891741,36.62976965,30.48073134,83.213
Ecuador,ECU,,,,,,88.90804,94.66526,116.1984,40.48086,5965.13287054416,0.5740599509325004,94.48358917,99.00505066,100.6137466,90.94167,84.67039,52.58781052,106166000000.0,5965.132871,10890.4566364911,192140979865.012,70.81895233,26.56476297,27.77607063,64.361
El Salvador,SLV,,,,,,82.63992,93.1447,101.63687,28.85296,4551.18479682276,,89.98452759,98.52015686,,80.99537,61.83092,29.9244194,28736940000.0,4551.184661,8419.79943795876,54612511534.2875,303.7032336,23.66069692,17.53683423,74.118
Equatorial Guinea,GNQ,,,,,,72.06936,56.77328,38.42124,3.23475,7605.45338603103,,,,40.77592087,43.48324,,,12269392840.0,7506.667523,18157.5136718207,25474719318.8594,56.9001426,36.19422288,,73.561
Eritrea,ERI,,,,,,77.60055,40.55477,45.02714,2.56538,622.982140234401,0.34846928795767707,76.57051849,93.27239227,55.57380295,51.45515,41.57501,3.362560034,,,1625.50767298855,5224331270.24732,29.37742603,65.67953168,,41.985
Ethiopia,ETH,,,,,,36.60428,85.84677,41.88357,8.12604,825.29111407975,0.22736768452806133,51.7711792,72.75482178,67.41915131,84.62346,30.8138,10.42656994,111271000000.0,925.077428,2422.68102598534,278520091213.391,103.8400628,18.76727261,4.161455,22.174
Fiji,FJI,,,,,,97.15476,95.06115,104.58798,16.1371,4646.5379213787,,,,117.0135193,96.76212,,53.49316025,4296304590.0,4646.612723,12158.2433075869,10899184263.6264,50.37887247,,,57.74
Gabon,GAB,,,,,,59.80949,91.23398,66.7029,8.4354,7910.8460826124,,85.45999908,90.44000244,78.42915344,,,21.06587029,20216843174.0,8635.325694,15105.1343141622,33619920386.7916,8.897322156,39.92037654,,90.423
Georgia,GEO,,,,,,98.67687,99.00432,108.82591,39.17867,4975.12492080027,,99.55844116,99.70420837,90.71907806,96.43624,95.94754,72.53726196,18629365597.0,5023.27438,14731.2005947457,54840076153.2695,65.13027048,48.58749632,29.09030607,59.872
Ghana,GHA,,,,,,83.71366,91.11411,89.77901,15.56657,2408.6349026275,,80.37999725,93.48000336,93.80911255,86.15823,57.24406,18.68745041,77594279055.0,2363.299296,5749.65538548528,178658725562.138,141.4317967,18.33169076,18.41743456,57.985
Guatemala,GTM,,,,,,71.76278,86.40513,68.73578,18.32584,4883.20781594319,,83.34999847,95.80999756,87.23227692,86.88631,43.77665,22.14220047,85985752107.0,5025.542291,8852.94774326286,149245941087.524,157.3192703,33.37261817,17.43552476,52.245
Guinea,GIN,,,,,,65.8936,75.65523,44.29489,10.84933,1185.05914010615,,45.33000183,60.33000183,59.35110855,76.01588,,6.722404957,16091817842.0,1189.175999,2754.41838364472,36173203713.3823,53.74065196,39.48681307,14.7143647,37.264
Guinea-Bissau,GNB,,,,,,9.74838,68.23333,21.42857,2.50137,758.552119677899,,52.88999939,67.87999725,,,,,1638517533.0,795.1185693,1948.64340064163,3834926315.17592,71.68662873,67.53887183,,44.617
Guyana,GUY,,,,,,92.18719,81.36664,93.02862,12.48062,9998.54545222873,,88.84999847,97.76000214,,,,,8044498801.0,9998.544311,19702.974420268,15497551857.0316,4.04979426,,,26.897
Haiti,HTI,,,,,,28.65918,57.33722,,1.02659,1663.562062199,,61.69134903,82.99424744,,,,,20944392615.0,1829.593044,3094.94162119501,35290173968.7496,410.2612845,42.85944219,24.84304746,57.964
Honduras,HND,,,,,,75.44572,94.00923,73.03624,21.18414,2771.72261645247,0.5520640722163656,88.50743103,96.08389282,,80.09489,43.77822,25.45789909,28488668302.0,2771.717461,5419.79216425844,53680916828.4514,90.46173027,24.50030706,14.45077004,58.982
Iraq,IRQ,,,,,,49.49685,92.3117,66.21484,16.05737,4686.12992866172,0.6748024177589218,85.59999847,93.5,,,,,207889000000.0,4775.377454,9954.34526324721,400388682213.997,98.02865514,23.65285554,23.86166297,71.119
Jamaica,JAM,,,,,,94.85108,92.45078,86.10684,27.83268,5183.58014157579,0.538977821580047,,,76.91970062,81.0188,73.96802,27.13060951,14657586937.0,5183.581305,9240.82186933554,27363561327.4235,260.4280702,36.9848297,,56.652
Jordan,JOR,,,,,,97.89906,87.52205,87.30351,47.58631,4058.35430116032,0.9028940942389436,98.41999817,99.41999817,80.7191391,80.8644,62.59678,33.55812836,45744271659.0,4103.258966,10354.1640265093,105644985145.438,123.0794986,21.3628057,19.57388397,91.626
Kazakhstan,KAZ,,,,,,98.77222,86.33156,111.54279,46.03991,10054.8900817298,0.5922120626625327,99.80000305,99.90000153,102.0028,86.85584,99.83989,70.67794037,197112000000.0,10373.78979,26750.4462260761,501722434767.244,6.947314887,17.545281,16.52236189,57.821
Kenya,KEN,,,,,,77.63126,84.87439,97.33108,4.04682,2081.79896988923,0.3119481679697548,82.62000275,88.69999695,99.67874146,,,10.0383997,110347000000.0,2081.799855,4587.1863196792,246658971751.366,91.34093545,32.59106039,11.81592765,28.493
Kiribati,KIR,,,,,,78.90506,96.43964,102.81647,0.0,1764.93448610105,,,,93.43039703,94.69278,,,207031250.0,1606.462514,2171.86794306447,259420938.327279,156.1271605,,,56.335
Kuwait,KWT,,,,,,95.69849,92.87294,98.60423,27.02705,32150.1788243815,,96.45754242,99.30332184,79.35357666,82.63321,86.52941,61.13386917,105960000000.0,24300.32944,47303.1298528111,202010996133.611,244.6938272,74.75834766,74.75834766,100.0
Lebanon,LBN,,,,,,93.28772,86.5873,79.11543,42.77283,6784.79932772586,,95.30000305,99.79000092,,,,,23131940281.0,4136.146347,11376.7939846074,77651647487.8869,553.5604106,48.86179885,43.53244475,89.093
Lesotho,LSO,,,,,,67.35948,80.24722,62.23156,9.8422,1040.30867404702,0.398596069630402,81.01999664,89.33999634,90.69060516,93.31062,41.35206,10.19626045,2496134680.0,1094.098185,2569.33774118471,5504168914.72842,74.24571805,,,29.48
Liberia,LBR,,,,,,67.7655,37.68945,44.95627,11.63857,470.767016353013,,48.30136108,55.39870071,60.59540176,44.25563,15.69147,,3509000000.0,675.6631858,1468.24523891743,7425910175.23218,52.81960133,57.46595198,30.21157943,52.573
Liechtenstein,LIE,,,,,,79.39875,90.68654,100.37477,37.48871,169260.216995924,,,,104.371582,92.1204,85.94145,42.59860992,6113951012.0,157754.9544,,,242.225,,,14.471
Madagascar,MDG,,,,,,40.05122,77.07133,50.0418,4.24579,499.722185088885,,77.25,80.51000214,63.27682114,95.60378,29.84739,5.527210236,14472603323.0,500.511032,1543.95293801829,42753630141.7704,48.51353902,31.15373963,12.21444662,39.207
Malawi,MWI,,,,,,49.11622,97.48386,47.31851,0.79773,613.341049703055,,67.30999756,76.23999786,80.34858704,,34.23885,1.723629951,12626717492.0,634.8356601,1591.47559107047,30444856440.7764,205.5267395,33.26817238,5.886803358,17.695
Malaysia,MYS,,,,,,94.22624,94.59888,90.92951,29.69786,11100.9437246863,0.7726207316929393,94.97113037,96.77839661,104.6396713,99.64564,72.21113,42.56721497,372981000000.0,11109.26184,27921.4109533867,903704331074.494,101.0500472,31.47621498,24.45575986,77.696
Maldives,MDV,,,,,,82.15837,96.13052,101.0651,12.74713,10366.294434637,0.42399771612614456,97.86000061,99.43000031,91.66667175,95.4151,,34.12194061,5405576236.0,10366.29336,13442.3861472741,7266174292.81986,1714.793333,,,41.102
Mali,MLI,,,,,,61.59251,59.37863,55.36279,6.87478,874.552414231923,0.427,30.76140976,46.157341,49.61439133,58.94142,29.92706,4.904735565,19140461606.0,873.7948624,2347.79667440968,47544840719.2225,17.39404519,27.72424309,12.38635976,44.677
Malta,MLT,,,,,,96.87554,96.55773,90.30803,45.08241,33641.5956848401,,94.94000244,99.44999695,109.0223694,99.53764,92.96077,71.49815369,17364044944.0,33486.67198,43243.1726484364,22284590647.264,1610.4125,,,94.81
Marshall Islands,MHL,,,,,,83.46782,99.7082,124.81814,42.86175,6111.27229488704,0.7773648833269577,,,71.93443298,73.15121,55.85237,25.82278061,259538700.0,6172.145065,4147.09724518726,245483274.331615,241.1833333,,,78.162
Mauritania,MRT,,,,,,64.12793,74.44691,36.06043,5.62173,2166.0447966256,,66.95999908,76.48999786,72.909729,79.5744,30.97658,5.874619961,9996249658.0,2166.046799,5389.64648844584,25060023691.4671,4.364610459,52.97169722,29.73459872,56.133
Mauritius,MUS,,,,,,98.23855,96.1962,112.42863,38.67412,8872.95918952896,0.4017771669589119,92.15000153,99.30000305,96.37744141,94.80512,84.30832,44.26018906,11529042672.0,9106.237202,20528.8336499786,25984165904.1239,623.5172414,,,40.775
Moldova,MDA,,,,,,95.06012,87.14635,87.03809,41.27717,,,99.59999847,99.69999695,107.4666824,86.31417,77.95594,62.87543106,13679221333.0,5230.661733,12941.8927818422,33914165325.3535,91.74732605,43.96909513,,42.998
Monaco,MCO,,,,,,78.70327,,,0.0,234317.084818276,,,,,,,,8596096984.0,234315.4605,,,18215.0962,,,100.0
Mongolia,MNG,,,,,,90.89742,94.94516,95.03449,64.27418,4509.85839327106,,99.18327332,99.07434082,96.64516449,97.69756,,67.69602203,15286441818.0,4566.140154,12365.9384827552,40539157200.5084,2.115133618,70.13694799,48.24370285,68.785
Montenegro,MNE,,,,,,80.4986,92.89657,95.35183,55.34459,9252.31191553621,,98.98000336,99.05000305,101.1141281,96.54847,89.07485,55.64271164,5861268039.0,9465.703999,19989.6536652962,12419691760.1705,46.19375465,,,67.826
Morocco,MAR,,,,,,89.25434,98.42964,94.80046,24.57194,3853.28333173025,0.6385806545384929,75.93000031,98.36000061,104.0223694,99.09904,64.4924,43.44620895,142866000000.0,3795.380127,7368.8916015625,276391560113.67,82.20652476,15.97089544,22.0739888,64.065
Mozambique,MOZ,,,,,,30.74917,87.55633,31.1988,5.97472,491.839112776531,0.3445889461684653,63.41999817,72.48000336,58.184021,93.92934,19.27829,7.312550068,15776758633.0,491.8391128,1297.29871622243,40547635700.4735,39.64780259,14.48428044,8.947026088,37.628
Myanmar,MMR,,,,,,74.79233,94.52788,59.43709,13.52817,1088.92520628649,0.30204690559651964,89.06994629,95.41512299,95.39961243,97.93192,64.05857,18.81594086,65091751273.0,1209.926942,5123.40770860442,278763558003.178,81.85330718,32.04676134,12.8090045,31.448
Namibia,NAM,,,,,,90.59279,89.7437,91.98586,9.33008,4836.17424146373,0.535304003756495,92.25,95.55000305,109.6690598,97.48892,,27.25959969,12310595844.0,4865.557765,9358.53716756859,23779256825.6697,3.023355075,33.23709443,,53.005
Nepal,NPL,,,,,,70.09826,96.88675,90.40701,15.83248,1205.50000220085,0.22723202654021135,71.15000153,94.18000031,103.6313095,96.2984,61.87253,16.77843475,36288830373.0,1208.218534,3996.66547005558,116450074441.239,204.7340565,23.32686715,4.900507871,21.008
Nicaragua,NIC,,,,,,48.40927,96.9525,84.69859,17.20339,2045.53428665041,,82.61454773,91.57177734,,,,19.56018066,14013022092.0,2045.535402,5573.86872875058,36924394382.5196,56.14006149,26.41975278,15.66083842,59.277
Niger,NER,,,,,,64.39554,61.01873,24.10713,1.71459,590.629477265162,0.162000003281237,37.34000015,47.15999985,57.86463928,65.12458,20.06691,4.373439789,14915001427.0,590.6294548,1288.15351243721,31181863187.6889,19.2102621,31.57621257,5.28933079,16.751
Nigeria,NGA,,,,,,79.33841,63.8372,46.32931,10.40532,2019.30806281872,,62.01601028,75.02874756,,,,12.10081959,440834000000.0,2065.749068,5185.98858372607,1069037544836.01,228.737667,13.20364569,16.85184726,52.746
Oman,OMN,,,,,,98.67517,91.09336,109.29447,28.57509,19509.4664864,0.7965369437868502,95.6515274,98.61782837,99.2078476,86.25355,96.19256,47.41336823,88191977373.0,19509.46646,31117.7577060692,158906626092.482,14.67980291,40.40524052,35.17033955,87.044
Pakistan,PAK,,,,,,79.58989,72.9792,55.85644,10.35523,1480.11072689193,0.36435454302717624,57.99885941,72.70355988,72.92545319,67.5748,37.40039,12.22064018,348263000000.0,1505.010193,5426.01978790109,1198566159001.6,294.7238753,18.998212,19.95654906,37.44
Panama,PAN,,,,,,93.23974,95.89735,93.59704,38.73935,14617.596617491,0.7166339735005621,95.73607635,98.88173676,86.94606781,86.23979,63.79138,44.38285065,63605100000.0,14617.60448,26780.3006033508,115550784073.719,57.89156107,63.45957206,43.64432245,68.775
Papua New Guinea,PNG,,,,,,45.48143,86.01087,73.22081,1.89424,2672.9671739215,,,,77.12384796,73.65048,32.38128,,26594305746.0,2672.94579,4285.76547486009,38344859419.241,21.52903767,29.20429998,,13.456
Paraguay,PRY,,,,,,84.14677,88.54507,84.21065,35.08085,6035.14306386803,0.6331575652610347,94.54454803,98.64470673,87.18881226,,,,39495431574.0,5891.499965,13034.7165447496,92970506796.9232,16.65918701,81.01737968,50.63261891,62.496
Peru,PER,,,,,,90.50577,92.81158,100.32442,40.51279,6621.65260383678,0.8202828914403454,94.49793243,99.43636322,116.2062225,95.65167,89.30975,70.73786163,223249000000.0,6621.574336,11908.0607001648,392630743564.487,26.01934063,41.11876288,32.27822918,78.5
Philippines,PHL,,,,,,75.77984,95.9844,92.06591,35.75333,3460.53112301115,,96.27816772,98.38450623,94.82428741,93.7756,65.55881,35.52219009,394086000000.0,3460.530963,8394.24225784877,919850174367.918,376.2651407,26.07342553,14.07176664,47.684
Qatar,QAT,,,,,,97.73958,92.09112,101.51929,15.83137,66798.76705368,,93.46396637,94.64411163,94.9597168,94.09431,,25.04125023,179677000000.0,66838.35743,89961.4332328736,259184286829.903,240.2423847,28.44599086,,99.278
Romania,ROU,,,,,,94.04994,86.987,94.48082,53.21586,14697.7542889102,,98.90000153,99.5,85.29187012,82.22835,82.84805,53.23083878,284088000000.0,14858.22943,32202.2086556273,620134677229.915,83.73283206,17.27291281,9.384201156,54.329
Rwanda,RWA,,,,,,34.74747,96.12131,45.5826,7.52925,822.315748727688,0.23249998188989782,75.90000153,86.90000153,91.00105286,94.78978,35.87144,7.266137123,11070356519.0,822.3479886,2213.568597609,28670603112.0687,532.8886096,49.46709999,8.690378348,17.568
Samoa,WSM,,,,,,89.95051,96.05325,102.30564,7.56238,3918.65810408444,,99.09999847,99.09999847,114.1693497,94.41308,85.51776,18.53573036,843842416.5,3857.318464,6764.5599909255,1342156347.79953,77.31258993,,,17.742
San Marino,SMR,,,,,,96.24559,92.70895,93.68213,59.849,50425.1021435289,,,,99.14286041,,66.54351,56.70391083,1541204338.0,45320.20872,59571.9068046212,2021751373.13523,566.7833333,,,97.62
Sao Tome and Principe,STP,,,,,,79.5331,94.91071,105.99408,13.40603,2485.81755237744,0.6817389683612134,93.80000305,98.09999847,84.34609222,93.0763,65.23344,18.10054016,526653790.7,2360.543554,,,227.7510417,,,75.073
Saudi Arabia,SAU,,,,,,98.68772,96.41565,108.14994,61.11202,23185.8707917802,,97.58506775,99.49841309,104.875267,94.5456,96.36052,71.40963745,833541000000.0,23185.87079,46778.2983720365,1628533458010.4,16.7452549,24.31725909,47.17531067,84.508
Senegal,SEN,,,,,,61.36691,71.12015,39.01792,7.38946,1636.87982521049,,56.29999924,76.40000153,62.98918915,75.3821,37.66861,15.62588978,27625388352.0,1636.893209,3503.5950167704,58663949709.1524,85.36913728,39.37778755,19.13760494,48.6
Serbia,SRB,,,,,,98.30033,96.24177,99.1817,58.05497,8643.29239749049,,99.48252869,99.99944305,98.06678772,94.55098,92.06535,69.18002319,63082047650.0,9230.178316,19093.9553065153,131731603498.018,78.88321518,36.20582512,20.51096187,56.651
Seychelles,SYC,,,,,,84.87894,94.68504,110.05979,6.4694,12084.6276388685,,96.19999695,99.09999847,99.15857697,92.21011,80.06115,17.29747009,1454458184.0,14653.30939,28338.9771447603,2790312367.62739,214.0478261,,,57.972
Sierra Leone,SLE,,,,,,47.75172,97.93864,63.26079,2.17272,504.621238052416,0.40984511893914244,47.70000076,71.90000153,98.01812744,98.11179,41.76675,,4042237864.0,480.0392113,1726.96415670972,13775967173.6111,114.0755057,33.85425223,14.68326461,43.372
Singapore,SGP,,,,,,98.67684,,,,66821.7161136585,,97.1318512,99.72624969,101.4013977,99.66959,99.78462,93.13477325,396987000000.0,72794.00302,99681.2941505156,566768600050.061,7918.951253,100.0,100.0,100.0
Solomon Islands,SLB,,,,,,71.45964,80.72902,75.02395,0.0,2305.98114712729,,,,85.69419861,67.47257,,,1631486532.0,2304.844567,2618.32370212961,1798468947.87138,24.69421222,,,25.128
Sri Lanka,LKA,,,,,,98.20196,97.17662,99.68429,20.70601,3918.01916760614,0.14573811722117283,92.38230133,98.85923004,98.24330902,99.10711,91.03783,21.61236954,88927263725.0,4013.687657,13226.7300579257,289916696139.673,354.3323634,14.81351986,,18.86
Sudan,SDN,,,,,,79.43073,53.78016,53.66841,16.92467,785.577295220761,,60.6971817,73.0,64.08550262,60.00534,,16.91901016,34326058557.0,751.8213501,4142.11083984375,181628528720.045,23.79041006,36.85379054,13.11736974,35.593
Suriname,SUR,,,,,,85.87098,91.39313,99.85455,12.65156,5259.26297187575,,95.0,98.90000153,80.37663269,86.02531,57.78983,,2984706244.0,4869.134226,16733.3826783171,9816371214.11188,3.891442308,,,66.219
Syrian Arab Republic,SYR,,,,,,93.16371,66.66408,60.92655,32.98134,924.711783316654,0.5347945464874077,,,,,,43.04687881,11079795397.0,533.3852317,,,113.1220117,20.38599649,27.22690432,56.124
Tajikistan,TJK,,,,,,98.61795,97.33356,97.4399,26.3745,897.051476423965,,,,94.91239166,98.28703,,31.25655937,8746270636.0,897.0475103,3854.19043507558,36759888569.5751,68.76004755,34.71471751,,27.726
Thailand,THA,,,,,,93.47052,92.35607,127.69083,52.50537,7066.67548675631,0.5974237615189485,94.09999847,98.80000305,94.78276825,,77.27069,43.82606506,505947000000.0,7066.190546,18197.9424146923,1270215980190.79,139.9042142,28.7095605,20.45621979,52.163
Timor-Leste,TLS,,,,,,81.2276,96.64362,81.47267,18.14971,1517.22388113937,,69.90000153,85.09999847,101.2898636,92.30953,62.73563,,3621222382.0,2741.393931,4140.95507041672,5459609084.95037,87.42400807,,,31.695
Togo,TGO,,,,,,52.8342,91.16781,67.82578,10.11762,943.939354111967,0.41912975005129144,66.53707886,87.89144135,90.83332062,90.73097,41.01339,15.40007019,8413200568.0,973.2061291,2223.31695636514,18406256349.3874,155.2230189,50.00751022,21.68225653,43.358
Tonga,TON,,,,,,90.39115,87.19019,106.6456,6.3486,4450.53149261273,,99.40000153,99.40000153,108.4460831,85.94145,82.07469,18.40023994,469231309.5,4426.000637,6693.78564060753,707513060.855294,146.1861111,,,23.104
Trinidad and Tobago,TTO,,,,,,89.38737,95.23794,97.53246,11.95117,16032.5027682099,,,,,,,,24460196271.0,16032.50277,26125.1532914982,36561916905.0721,295.9350877,66.97951378,,53.265
Tunisia,TUN,,,,,,93.97138,98.56518,101.00032,34.58367,3807.18456310206,,82.69999695,97.69999695,104.7017365,,,32.75600052,46686741814.0,3807.13915,10878.8231940284,128572655619.762,78.28091529,28.03486634,19.59300807,69.888
Uganda,UGA,,,,,,24.8378,93.65028,31.41064,4.48339,930.372362345049,,79.0,90.80000305,52.67176056,,,5.061920166,40529789026.0,883.8920323,2294.14798353267,104936622914.768,221.447292,29.61086679,7.566464861,25.553
Ukraine,UKR,,,,,,98.52954,96.17551,102.30148,82.30503,4596.34917496562,,100.0,99.90000153,,,,,200086000000.0,4835.571777,13087.3095703125,546334786278.487,76.16853469,9.822400267,12.41092639,69.757
United Arab Emirates,ARE,,,,,,91.95901,90.73824,95.16721,22.03907,43295.3930816513,,98.12635803,99.66266632,104.7111969,95.02753,92.79992,53.71601868,415022000000.0,44315.55418,66766.0539321336,660342979810.375,130.7700507,35.73252273,65.88198047,87.299
Uruguay,URY,,,,,,94.74364,99.20272,110.02917,63.13378,17312.6417779094,0.9549774918501448,98.7703476,99.02065277,102.6509476,99.3775,88.21273,67.88320923,59319484711.0,17313.18835,22728.2153251936,78951615236.9388,19.592538,53.72762972,51.36522039,95.603
Uzbekistan,UZB,,,,,,98.07832,91.91436,98.94101,8.93419,2031.57157919417,0.5087848898356809,99.99994659,99.99992371,105.9979782,94.59704,90.85635,21.24823952,69238903106.0,1983.064723,7746.43096873822,265176212243.395,77.68535119,14.45567941,7.28956526,50.427
Vanuatu,VUT,,,,,,71.45201,98.91435,68.56449,4.7444,3072.57222064296,0.22249492267827925,89.09999847,96.90000153,94.18134308,79.84105,48.94452,,956332655.7,2996.621062,3036.11676727198,932543265.067587,25.56890894,,,25.665
Zambia,ZMB,,,,,,55.48901,87.40411,62.81236,2.21834,1094.50161325854,,87.5,93.19999695,,83.16745,,,22147634727.0,1137.343633,3457.3281021266,63559367707.0588,25.46135272,33.02154076,14.92309529,45.192
Zimbabwe,ZWE,,,,,,76.92688,85.86239,68.09738,5.87175,1507.99478989121,0.32,89.69999695,90.69999695,84.81861877,,,8.87594986,28371238666.0,1773.920411,2251.45567397734,33463221326.061,40.50579294,29.84336446,9.640301912,32.303
Grenada,GRD,,,,,,,93.76078,104.49319,52.77734,8950.22856200233,,,,123.0012283,95.86628,87.72998,104.561882,1122807407.0,9010.572245,15273.5403558146,1718563487.2959,363.7147059,,,36.694
Nauru,NRU,,,,,,,86.42715,77.3208,0.0,12390.3701149419,,,,116.8776398,93.69858,71.80984,,133218896.9,10648.14139,14337.2654088139,155329933.439089,615.75,,,100.0
Palau,PLW,,,,,,,98.96391,103.61702,61.8638,12084.1282734132,,96.59374237,98.66443634,101.6326523,,,,217800000.0,12083.88815,16318.6789479118,295237539.52562,39.06956522,,,81.483
Puerto Rico,PRI,,,,,,,81.60752,87.87756,85.33584,32716.4569837852,,92.40000153,92.40000153,,76.27147,75.91911,97.49925232,106526000000.0,32640.71034,34333.7472481387,112667496277.163,369.9591883,80.06216496,74.93179278,93.592
Somalia,SOM,,,,,,,14.99956,9.30505,2.78397,446.997757293079,0.42351517975918446,,75.69000244,,,,,7628000011.0,446.9815596,1245.64228299398,19797265599.2833,26.36053177,29.94288216,13.99260887,46.731
South Sudan,SSD,,,,,,,40.58982,17.08492,,400.442902935503,,34.52275848,47.90095901,21.47343636,35.20717,5.48403,0.749819994,,,1234.72557564895,13230895757.7817,16.78386372,19.10707102,,20.514
Tuvalu,TUV,,,,,,,84.59344,99.41383,0.0,5370.41927052836,,,,88.32685089,76.2475,66.72794,,63100961.54,5632.002993,4791.67926519187,56503481.8951426,368.9666667,,,64.785
British Virgin Islands,VGB,,,,,,,,111.22864,62.4871,49443.8688708952,,,,114.4475937,,68.10811,30.16436958,,,,,206.0666667,,,48.92
Turkmenistan,TKM,,,,,,,,87.36086,7.98444,8507.66760018503,,,,,,,15.61021996,45231428571.0,7344.648233,16194.2126155691,96227533617.6977,13.30078522,25.72688465,,52.998
Gibraltar,GIB,,,,,,,,,0.0,,,,,117.5946503,99.70191,93.83962,,,,,,3270.9,,,100.0
Cabo Verde,CPV,,,,,,,,,,3293.23332217177,,90.77999878,98.68000031,99.99017334,93.42191,70.42826,23.61651039,1936174043.0,3293.233054,6376.12227912431,3545047473.72576,144.5756824,,,67.102
French Polynesia,PYF,,,,,,,,,,19914.5990586098,,,,,,,,6054676735.0,19914.60351,,,86.98357822,,,62.066
Greenland,GRL,,,,,,,,,,58185.2407468413,,,,,,,,3076015347.0,54571.20916,,,0.13732976,,,87.507
Kosovo,XKX,,,,,,,,,,5663.08649820687,,,,,,,,9412034299.0,5269.783901,11292.8626513626,20215726096.6717,,,,
Libya,LBY,,,,,,,,,,5791.25497649797,,,,,,,,42817472975.0,6357.19555,17286.3681373478,118779596659.372,3.781637246,21.4436947,17.36810528,80.994
New Caledonia,NCL,,,,,,,,,,34994.2658344617,,,,,,,,10071351960.0,37159.54677,,,14.83205689,,,71.925
Sint Maarten (Dutch part),SXM,,,,,,,,,,26198.6927663513,,,,,,,5.909230232,1185474860.0,28988.25921,35973.1825021864,1471123298.42691,1244.411765,,,100.0
Turks and Caicos Islands,TCA,,,,,,,,,,20908.5819922862,,,,114.1199188,,,11.45833015,943269800.0,20908.5827,22283.9778508705,862791054.430005,46.60631579,,,93.834
American Samoa,ASM,,,,,,,,,,,,,,,,,,709000000.0,15743.31076,,,230.945,,,87.169
Eswatini,SWZ,,,,,,,,,,,0.2431964597380402,89.27999878,95.88999939,88.59642792,82.52357,41.69996,,4743335153.0,3978.403528,8865.01713753376,10284873742.3497,68.64273256,,,24.369
Faroe Islands,FRO,,,,,,,,,,,,,,,,,,3649886275.0,69010.3098,,,38.37115666,,,42.583
Guam,GUM,,,,,,,,,,,,,,,,,,6123000000.0,35904.86355,,,313.3907407,,,95.015
Northern Mariana Islands,MNP,,,,,,,,,,,,,,,,,,1182000000.0,23707.32881,,,107.7978261,,,91.89
Africa Eastern and Southern,AFE,,,,,,,,,,,,71.88990784,81.22537994,71.96916199,,,9.553099632,1089450000000.0,1549.77273,3659.27286844549,2478218029367.22,46.15069209,28.37018858,14.7213318,37.32369749
Africa Western and Central,AFW,,,,,,,,,,,,60.23498917,71.46015167,70.15052795,,,10.23192024,840187000000.0,1757.030626,4241.52249851724,1946025265851.92,51.53667929,23.53857921,17.48353424,48.45480627
Arab World,ARB,,,,,,,,,,,,73.58918762,83.18003082,87.33512115,84.05164,63.51428,33.2392807,2862990000000.0,6271.319001,14269.2234189005,6222533336508.79,34.29079926,28.29347195,23.07455421,59.29488647
"Bahamas, The",BHS,,,,,,,,,,,,,,,74.22717,62.4958,,11208600000.0,27478.38963,,,40.60649351,,,83.365
Caribbean small states,CSS,,,,,,,,,,,,90.78756714,97.19496918,,87.89515,74.27317,23.10461998,75295300457.0,10063.6913,15670.6004223567,116625168487.902,18.38895393,,,51.78241083
Central Europe and the Baltics,CEB,,,,,,,,,,,,99.35739899,99.50949097,93.83770752,91.3002,89.73885,64.89189148,1901940000000.0,18751.02651,33757.4207336298,3449075040051.1,92.47028789,17.12714516,,62.68922636
Channel Islands,CHI,,,,,,,,,,,,,,,,,,,,,,,,,31.012
"Congo, Dem. Rep.",COD,,,,,,,,,,,,80.01999664,87.90000153,81.24053955,,,7.001490116,55350968593.0,577.2092152,,,40.95770451,33.76543263,24.02021571,46.235
"Congo, Rep.",COG,,,,,,,,,,,,80.61000061,82.36000061,67.07707977,,,12.66687965,13366230220.0,2290.382891,,,16.69743485,61.97527995,63.80556516,68.283
Cote d'Ivoire,CIV,,,,,,,,,,,,89.89341736,83.62647247,83.61065674,90.32837,40.19814,9.912989616,70043191477.0,2549.041297,,,84.31380503,37.34670093,19.4875081,52.18
Curacao,CUW,,,,,,,,,,,,,,,,,15.90299034,2699612458.0,17717.59648,,,348.9797297,,,89.038
Early-demographic dividend,EAR,,,,,,,,,,,,80.36566162,92.28018188,93.6111908,90.30715,64.08017,32.5265007,12637300000000.0,3703.900123,9381.82747839683,31261220749453.7,101.3229686,17.32832536,19.09117868,46.2764313
East Asia & Pacific,EAS,,,,,,,,,,,,96.01457977,99.02658081,97.52583313,95.90788,78.90534,51.04001999,30911700000000.0,13041.78119,18612.8518138459,43954578670842.9,96.46409635,11.41028632,,61.47327502
East Asia & Pacific (IDA & IBRD countries),TEA,,,,,,,,,,,,96.22232819,99.12394714,97.35134888,95.90841,78.31161,48.82297897,20725200000000.0,9880.09607,,,131.4576597,7.439413574,,58.32141779
East Asia & Pacific (excluding high income),EAP,,,,,,,,,,,,96.268013,99.13571167,97.35095978,95.86588,78.46543,48.52154922,20751800000000.0,9771.648206,15263.9049252225,32268039759530.8,132.0848031,7.59267946,,58.37462346
"Egypt, Arab Rep.",EGY,,,,,,,,,,,,73.08999634,91.51000214,104.6092987,97.03257,82.77635,38.90494919,404143000000.0,3698.834981,,,107.9563353,45.53034354,24.44015989,42.862
Euro area,EMU,,,,,,,,,,,,,,96.44207001,97.44854,90.60507,78.43361664,14563300000000.0,42450.15377,47146.7735217412,16157593197193.5,127.9538718,15.76101055,19.71418928,77.69989257
Europe & Central Asia,ECS,,,,,,,,,,,,98.25228882,99.69818878,98.67086029,94.87481,89.92563,76.28720856,25082800000000.0,27152.47123,35860.6268150762,33098499186254.4,33.63621657,16.97367702,20.88984829,72.82241603
Europe & Central Asia (IDA & IBRD countries),TEC,,,,,,,,,,,,99.19200897,99.81247711,99.75395966,92.15259,88.43456,76.22438812,4550390000000.0,9842.052265,,,20.09786369,17.50468561,21.25256521,66.84828888
Europe & Central Asia (excluding high income),ECA,,,,,,,,,,,,99.14138031,99.82337952,100.6910095,91.81915,88.08639,77.76480865,3517370000000.0,8758.938553,22651.2777779461,9080806497508.55,17.89615446,18.2081735,23.5778623,68.17402419
European Union,EUU,,,,,,,,,,,,,,96.46234894,96.79802,91.46641,75.10334778,17177400000000.0,38411.06278,44817.4260078178,20054879067543.3,112.0225221,15.96009625,17.65658372,75.19757128
Fragile and conflict affected situations,FCS,,,,,,,,,,,,65.08299255,74.00283813,72.80283356,77.02801,37.62826,15.35962009,1799020000000.0,1796.396294,4674.02685747001,4491555438365.26,47.88739949,23.15269531,15.71868146,44.03931715
"Gambia, The",GMB,,,,,,,,,,,,58.06000137,73.41999817,85.16638184,76.81635,,,2038417462.0,772.1523951,,,254.347332,27.5199999,,63.222
Heavily indebted poor countries (HIPC),HPC,,,,,,,,,,,,63.94654846,75.14965057,70.21720123,80.40995,32.8487,9.522399902,891901000000.0,1035.701648,2680.07560220048,2206988758742.92,43.2109697,31.44541739,14.3008119,37.51579432
High income,HIC,,,,,,,,,,,,,,98.79612732,96.15167,90.81931,79.55541992,59829700000000.0,48225.24121,50452.4219022845,62595539203840.3,35.20689991,19.40941253,,81.46745381
"Hong Kong SAR, China",HKG,,,,,,,,,,,,,,100.7453003,95.45476,96.14117,88.44268799,369176000000.0,49800.54241,58980.0110511236,441229462673.456,7124.761905,100.0,100.0,100.0
IBRD only,IBD,,,,,,,,,,,,89.58325195,96.29110718,96.1567688,94.32971,73.57131,45.01419067,35511400000000.0,7221.406351,13814.6593534467,67173041068647.4,68.80420797,12.40590665,24.25304682,56.71862733
IDA & IBRD total,IBT,,,,,,,,,,,,84.74362946,90.87985992,89.41259766,88.61307,63.32784,35.37023163,38062800000000.0,5684.927074,11250.0144880235,73924443240322.7,68.97437073,15.16655187,21.85798301,51.90466941
IDA blend,IDB,,,,,,,,,,,,66.76564026,78.11421204,77.9258728,,44.93787,11.54039955,1096480000000.0,1842.771049,5225.87515939429,3000483976813.44,132.8820119,18.33974499,,43.65376765
IDA only,IDX,,,,,,,,,,,,67.7516098,79.528862,76.01110077,81.34393,39.94525,12.53606033,1456250000000.0,1231.126624,3336.29868932102,3784856007620.39,55.98560133,31.40430662,13.3652197,36.01803135
IDA total,IDA,,,,,,,,,,,,67.42095184,79.06240082,76.65873718,,41.64309,12.20800972,2549110000000.0,1433.795141,3960.34015955789,6766663841789.21,69.45757456,26.45285585,14.93722074,38.57611226
"Iran, Islamic Rep.",IRN,,,,,,,,,,,,88.73999786,98.72000122,101.0606766,99.70291,81.37533,58.2224884,359713000000.0,4091.209187,,,53.79981079,13.79365235,25.2004858,76.345
Isle of Man,IMN,,,,,,,,,,,,,,,,,,7315388052.0,87157.47146,,,147.4491228,,,53.076
"Korea, Dem. People's Rep.",PRK,,,,,,,,,,,,99.99819183,99.99964142,,,,26.83499908,,,,,214.8282286,19.10410163,11.96719117,62.642
Kyrgyz Republic,KGZ,,,,,,,,,,,,99.59999847,99.69999695,102.401001,89.85774,84.38733,53.46358871,8543423503.0,1276.700365,4985.02955528531,32800995970.8218,34.30604797,42.64785158,,37.146
Lao PDR,LAO,,,,,,,,,,,,87.06999969,94.26000214,88.19730377,91.46712,60.0122,12.97736168,18827148510.0,2535.623432,8238.4945676447,59939628582.5948,31.71316724,25.28834283,,36.939
Late-demographic dividend,LTE,,,,,,,,,,,,96.440979,99.49775696,97.49597931,96.50654,82.59895,56.15908051,26622100000000.0,11465.85777,18415.062822688,42664083897074.9,52.00180046,10.28178603,29.3391337,64.87611342
Latin America & Caribbean,LCN,,,,,,,,,,,,94.11495209,98.51519775,99.35275269,93.71661,77.50429,54.42301941,5454430000000.0,8327.60519,15685.2357925303,10232502925955.3,32.46347703,23.20363911,38.59150451,81.37703497
Latin America & Caribbean (excluding high income),LAC,,,,,,,,,,,,93.81555176,98.5043335,99.76486969,93.80971,77.29944,52.02190018,4585100000000.0,7728.033309,15028.1176057771,8880538456113.94,32.46509446,22.30514779,38.61356466,80.88540269
Latin America & the Caribbean (IDA & IBRD countries),TLA,,,,,,,,,,,,94.01081085,98.5178833,99.3955307,93.75228,77.43196,54.42367935,5183130000000.0,8108.91587,,,31.87190988,22.84531802,38.7520276,81.4068572
Least developed countries: UN classification,LDC,,,,,,,,,,,,65.69664001,78.33267975,73.89952087,80.77344,38.05158,11.3269701,1280910000000.0,1164.918316,3263.07536442793,3449498165493.04,52.63930013,32.57865291,13.11920638,35.2686897
Low & middle income,LMY,,,,,,,,,,,,84.57289124,90.81564331,89.39433289,88.60731,63.29202,34.78401184,36370600000000.0,5494.396981,10894.5734914349,70758209174594.1,69.80781297,15.05512383,21.82692991,51.65712352
Low income,LIC,,,,,,,,,,,,60.85430908,72.49906158,68.43073273,80.80115,33.57867,9.252699852,562978000000.0,783.813167,2087.65612106923,1426981832613.91,44.43677551,31.76053901,12.17310725,34.40694877
Lower middle income,LMC,,,,,,,,,,,,78.79068756,90.81028748,91.58442688,86.9201,59.91367,26.61288071,8742530000000.0,2572.705144,7381.26150782862,24496060205249.5,135.1440262,15.98767728,16.7412738,42.99716511
"Macao SAR, China",MAC,,,,,,,,,,,,97.11000061,99.79000092,100.6617432,96.39553,86.42111,132.4872131,30123914809.0,43873.59116,60890.5490558431,39538790905.0193,20555.71429,96.39255061,,100.0
"Micronesia, Fed. Sts.",FSM,,,,,,,,,,,,,,88.43566132,85.45699,,,404028900.0,3571.336769,,,160.1514286,,,23.068
Middle East & North Africa,MEA,,,,,,,,,,,,79.73738098,90.38934326,93.72573853,93.71546,72.89887,40.96601105,3679840000000.0,7569.089437,16587.0970165313,7705409359479.36,42.78880519,25.13587472,25.37038012,65.80629358
Middle East & North Africa (IDA & IBRD countries),TMN,,,,,,,,,,,,76.30580902,89.08476257,92.74638367,93.3991,70.25002,38.00452042,1475710000000.0,3572.065525,,,47.1682934,22.94491475,21.19143419,62.02650425
Middle East & North Africa (excluding high income),MNA,,,,,,,,,,,,76.5497818,89.24511719,92.89875031,93.41539,70.61009,38.08557892,1493750000000.0,3573.165173,11009.5569009084,4361412218680.64,47.69167476,22.89291544,21.19143419,62.2028612
Middle income,MIC,,,,,,,,,,,,86.74009705,93.56302643,93.06098175,90.26697,68.12466,38.14780045,35845100000000.0,6074.084921,11937.8214735074,69374014111757.5,74.91804874,13.86360472,22.9635883,53.75729235
North America,NAC,,,,,,,,,,,,,,100.6517029,95.17325,93.06775,86.79724121,25310700000000.0,68369.66279,61337.1566078688,22670346613258.2,20.4052819,8.187668241,46.67274399,82.74991533
North Macedonia,MKD,,,,,,,,,,,,,,94.8300705,94.8883,,43.01728821,13825049832.0,6694.641126,16719.6900959522,34652076034.2539,82.17807296,49.48232474,,58.786
Not classified,INX,,,,,,,,,,,,,,,,,,,,,,,,,
OECD members,OED,,,,,,,,,,,,,,99.33078003,95.5958,89.36801,77.97226715,58268400000000.0,42446.85932,44813.2487336865,61527703253839.9,38.58900225,18.09181593,37.75389897,81.23941843
Other small states,OSS,,,,,,,,,,,,85.3736496,90.64205933,85.69271851,85.41373,54.02025,21.93185043,453948000000.0,13878.81484,22278.4211663768,711347336710.292,15.9390293,,,63.15188907
Pacific island small states,PSS,,,,,,,,,,,,90.93675995,97.00234222,96.35453033,83.8887,,23.27596092,9481916212.0,3643.845437,6761.86168432751,17100464201.4735,40.01276695,,,39.31228847
Post-demographic dividend,PST,,,,,,,,,,,,,,99.11543274,96.22047,90.7899,81.09262848,54972700000000.0,49223.59503,49487.6012446518,55291409083686.4,35.64950775,17.42343902,37.42630731,81.85194903
Pre-demographic dividend,PRE,,,,,,,,,,,,63.84856033,74.02867126,69.70471191,76.64759,35.01341,9.100110054,1434260000000.0,1418.593326,3560.04552477006,3456076784009.7,48.46269902,27.86343284,16.2890343,43.03137965
Small states,SST,,,,,,,,,,,,86.77744293,92.19528961,87.47711945,85.68541,58.13102,22.24872017,538706000000.0,12588.92779,20168.26203493,845072969399.667,16.95327258,,,59.71433952
South Asia,SAS,,,,,,,,,,,,73.28027344,89.60346985,92.23265839,87.76227,60.5279,25.84456062,4088770000000.0,2149.821595,6297.75887683319,11694197630430.8,394.6507887,11.28416735,16.19137435,35.35192499
South Asia (IDA & IBRD),TSA,,,,,,,,,,,,73.28027344,89.60346985,92.23265839,87.76227,60.5279,25.84456062,4088770000000.0,2149.821595,6297.75887683319,11694197630430.8,394.6507887,11.28416735,16.19137435,35.35192499
St. Kitts and Nevis,KNA,,,,,,,,,,,,,,120.7920837,93.7852,98.00256,86.68148804,860840740.7,18082.61019,25639.2395986635,1363802432.73211,183.2384615,,,30.906
St. Lucia,LCA,,,,,,,,,,,,,,100.363472,95.39814,81.31252,16.35507965,1691275157.0,9414.226231,12708.7945142816,2333703227.86302,293.8311475,,,18.94
St. Martin (French part),MAF,,,,,,,,,,,,,,,,,,,,,,651.06,,,
St. Vincent and the Grenadines,VCT,,,,,,,,,,,,,,115.630661,93.58439,89.47196,8.471161842,904181492.8,8666.387041,13402.579535245,1486975991.69683,268.2871795,,,53.452
Sub-Saharan Africa,SSF,,,,,,,,,,,,67.27390289,77.32067108,71.22844696,,35.58426,9.818630219,1929050000000.0,1633.180754,3894.15390867219,4423940989300.69,48.18998009,26.08884931,15.836758,41.83005311
Sub-Saharan Africa (IDA & IBRD countries),TSS,,,,,,,,,,,,67.27390289,77.32067108,71.22844696,,35.58426,9.818630219,1929050000000.0,1633.180754,,,48.18998009,26.08884931,15.836758,41.83005311
Sub-Saharan Africa (excluding high income),SSA,,,,,,,,,,,,67.27060699,77.31944275,71.22675323,,35.58147,9.818309784,1927600000000.0,1632.087531,3892.03546371227,4421151119140.12,48.18678656,26.08884931,15.836758,41.82869652
Tanzania,TZA,,,,,,,,,,,,81.80000305,88.09999847,68.73860931,81.32921,26.54777,7.830719948,67841049193.0,1099.287598,2779.68359375,161155712546.083,69.65965003,30.82286097,12.94090045,35.954
Upper middle income,UMC,,,,,,,,,,,,95.94558716,98.44789886,95.87510681,95.47259,82.24137,57.99573898,27104100000000.0,10828.05069,17992.6421018029,44848408837754.6,46.83663046,12.04768702,31.32526857,68.37536877
"Venezuela, RB",VEN,,,,,,,,,,,,97.5,98.69999695,92.58873749,87.39174,73.24477,,,,,,32.30026983,11.82717694,34.11576019,88.325
Vietnam,VNM,,,,,,,,,,,,95.7538681,98.62545776,110.0212097,,,35.39999008,366138000000.0,3756.489121,10904.4521455449,1061423920238.65,308.3591021,23.82823759,18.37896301,38.052
Virgin Islands (U.S.),VIR,,,,,,,,,,,,,,,,,,4204000000.0,39552.1686,,,303.6857143,,,96.04
West Bank and Gaza,PSE,,,,,,,,,,,,97.5144577,99.23235321,96.60415649,94.84281,87.22641,42.67906952,18036800000.0,3663.969055,5698.41205720855,27371005983.616,797.8852159,19.37779239,,77.003
World,WLD,,,,,,,,,,,,86.8143692,91.80999756,90.40921021,89.4124,66.27183,40.31787109,96527400000000.0,12236.61574,17223.9755160172,133725786767253.0,60.17073367,16.02235322,24.48018971,56.47754139
"Yemen, Rep.",YEM,,,,,,,,,,,,,,72.30039215,84.16556,47.59088,,21606161066.0,701.7148778,,,61.1475008,24.18966479,9.32414794,38.546
